"STATION","NAME","DATE","CDSD","CLDD","DP01","DP10","DT00","DT32","DX32","DX70","DX90","EMNT","EMXP","EMXT","HDSD","HTDD","PRCP","TAVG","TMAX","TMIN"
"AR000087860","COMODORO RIVADAVIA, AR","1956-02",,"47.7",,,"0","0","0","22","1","7.0",,"32.5",,"43.7",,"18.5","24.8","12.2"
"AR000087860","COMODORO RIVADAVIA, AR","1956-03",,"9.9",,,"0","0","0","18","0","6.0",,"29.5",,"75.2",,"16.2","21.6","10.7"
"AR000087860","COMODORO RIVADAVIA, AR","1956-04",,"0.0",,,"0","0","0","1","0","1.2",,"21.5",,"231.5",,"10.6","15.7","5.6"
"AR000087860","COMODORO RIVADAVIA, AR","1956-05",,"0.0",,,"0","1","0","0","0","-1.6",,"18.5",,"300.8",,"8.6","13.1","4.2"
"AR000087860","COMODORO RIVADAVIA, AR","1956-06",,"0.0",,,"0","4","0","0","0","-2.6",,"18.6",,"274.6",,"8.9","13.4","4.3"
"AR000087860","COMODORO RIVADAVIA, AR","1956-07","0.0","0.0",,,"0","4","0","0","0","-1.7",,"20.3",,"299.4",,"8.7","12.8","4.6"
"AR000087860","COMODORO RIVADAVIA, AR","1956-08","0.0","0.0",,,"0","5","0","1","0","-1.6",,"21.5",,"276.3",,"9.4","14.1","4.8"
"AR000087860","COMODORO RIVADAVIA, AR","1956-09","0.1","0.1",,,"0","1","0","2","0","-0.7",,"25.9",,"247.9",,"9.8","15.3","4.3"
"AR000087860","COMODORO RIVADAVIA, AR","1956-10","10.4","10.3",,,"0","0","0","12","0","4.0",,"28.6",,"122.8",,"14.7","20.0","9.4"
"AR000087860","COMODORO RIVADAVIA, AR","1956-11","60.7","50.3",,,"0","0","0","26","3","5.3",,"33.5",,"29.3",,"19.0","25.8","12.3"
"AR000087860","COMODORO RIVADAVIA, AR","1956-12","114.6","53.9",,,"0","0","0","25","2","5.1",,"33.7",,"37.7",,"18.9","24.9","12.8"
"AR000087860","COMODORO RIVADAVIA, AR","1957-01","185.4","70.8",,,"0","0","0","29","3","6.9",,"34.9","28.9","28.9",,"19.7","25.9","13.5"
"AR000087860","COMODORO RIVADAVIA, AR","1957-02","240.3","54.9",,,"0","0","0","19","4","7.4",,"35.3","72.7","43.8",,"18.7","24.7","12.7"
"AR000087860","COMODORO RIVADAVIA, AR","1957-03","282.1","41.8",,,"0","0","0","27","0","6.9",,"30.8","100.2","27.5",,"18.8","24.9","12.6"
"AR000087860","COMODORO RIVADAVIA, AR","1957-04","286.6","4.5",,,"0","0","0","4","0","2.2",,"26.9","280.9","180.7",,"12.5","17.0","8.0"
"AR000087860","COMODORO RIVADAVIA, AR","1957-05","286.8","0.2",,,"0","1","0","1","0","-0.4",,"24.0","550.6","269.7",,"9.6","13.2","6.1"
"AR000087860","COMODORO RIVADAVIA, AR","1957-06","286.8","0.0",,,"0","3","0","0","0","-2.4",,"19.3","874.2","323.6",,"7.1","11.0","3.3"
"AR000087860","COMODORO RIVADAVIA, AR","1957-07","0.0","0.0",,,"0","7","0","0","0","-2.0",,"16.2","1254.2","380.0",,"6.1","9.5","2.6"
"AR000087860","COMODORO RIVADAVIA, AR","1957-08","0.0","0.0",,,"0","3","0","0","0","-3.0",,"15.4","1609.4","355.2",,"6.9","10.4","3.4"
"AR000087860","COMODORO RIVADAVIA, AR","1957-09","0.0","0.0",,,"0","3","0","2","0","-2.2",,"23.6","1857.2","247.8",,"10.1","15.4","4.7"
"AR000087860","COMODORO RIVADAVIA, AR","1957-10","0.0","0.0",,,"0","0","0","6","0","2.1",,"24.0","2054.8","197.6",,"12.0","17.4","6.5"
"AR000087860","COMODORO RIVADAVIA, AR","1957-11","14.4","14.4",,,"0","0","0","15","0","6.3",,"28.1","2127.5","72.7",,"16.4","21.9","10.9"
"AR000087860","COMODORO RIVADAVIA, AR","1957-12","63.5","49.1",,,"0","0","0","23","1","4.9",,"33.2","2172.4","44.9",,"18.5","24.6","12.3"
"AR000087860","COMODORO RIVADAVIA, AR","1958-01","135.6","72.1",,,"0","0","0","29","1","8.7",,"34.5","7.8","7.8",,"20.6","26.7","14.5"
"AR000087860","COMODORO RIVADAVIA, AR","1958-02","149.0","13.4",,,"0","0","0","16","0","7.8",,"30.3","75.3","67.5",,"16.4","21.9","10.9"
"AR000087860","COMODORO RIVADAVIA, AR","1958-03","178.8","29.8",,,"0","0","0","16","1","4.5",,"33.0","144.9","69.6",,"17.1","22.6","11.5"
"AR000087860","COMODORO RIVADAVIA, AR","1958-04","182.8","4.0",,,"0","0","0","6","0","2.8",,"25.4","292.6","147.7",,"13.6","18.4","8.7"
"AR000087860","COMODORO RIVADAVIA, AR","1958-05","183.5","0.7",,,"0","0","0","4","0","0.3",,"22.9","593.4","300.8",,"8.6","12.7","4.6"
"AR000087860","COMODORO RIVADAVIA, AR","1958-06",,,,,"0","8",,,,"-3.9",,,,,,,,"3.1"
"AR000087860","COMODORO RIVADAVIA, AR","1958-07",,,,,"0","4",,,,"-2.8",,,,,,,,"6.1"
"AR000087860","COMODORO RIVADAVIA, AR","1958-08",,,,,"0","2",,,,"-1.1",,,,,,,,"4.4"
"AR000087860","COMODORO RIVADAVIA, AR","1958-09",,,,,"0","1",,,,"-5.0",,,,,,,,"4.7"
"AR000087860","COMODORO RIVADAVIA, AR","1958-10",,,,,"0","1",,,,"-1.1",,,,,,,,"9.1"
"AR000087860","COMODORO RIVADAVIA, AR","1958-11",,"10.6",,,"0","0","0","16","0","3.1",,"31.5",,"97.2",,"15.1","20.4","9.8"
"AR000087860","COMODORO RIVADAVIA, AR","1958-12",,"27.5",,,"0","0","0","14","0","2.3",,"31.6",,"76.7",,"16.8","22.4","11.2"
"AR000087860","COMODORO RIVADAVIA, AR","1959-01",,"55.0",,,"0","0","0","27","2","8.3",,"33.0","21.4","21.4",,"19.4","25.4","13.4"
"AR000087860","COMODORO RIVADAVIA, AR","1959-02",,"77.1",,,"0","0","0","22","3","5.9",,"34.1","52.1","30.7",,"20.0","25.9","14.0"
"AR000087860","COMODORO RIVADAVIA, AR","1959-03",,"23.7",,,"0","0","0","15","0","6.2",,"29.7","145.0","92.9",,"16.1","21.6","10.6"
"AR000087860","COMODORO RIVADAVIA, AR","1959-04",,"0.0",,,"0","4","0","0","0","-0.7",,"20.0","425.6","280.6",,"9.0","13.4","4.6"
"AR000087860","COMODORO RIVADAVIA, AR","1959-05",,"0.0",,,"0","0","0","1","0","0.4",,"21.2","688.3","262.7",,"9.9","13.9","5.9"
"AR000087860","COMODORO RIVADAVIA, AR","1959-06",,"0.0",,,"0","3","0","0","0","-2.2",,"17.0","1004.4","316.1",,"7.8","11.9","3.7"
"AR000087860","COMODORO RIVADAVIA, AR","1959-07","0.0","0.0",,,"0","12","0","0","0","-5.2",,"15.2","1402.4","398.0",,"5.5","8.8","2.2"
"AR000087860","COMODORO RIVADAVIA, AR","1959-08","0.0","0.0",,,"0","2","0","0","0","-1.2",,"19.4","1726.2","323.8",,"7.9","12.4","3.4"
"AR000087860","COMODORO RIVADAVIA, AR","1959-09","0.0","0.0",,,"0","1","0","2","0","-1.2",,"27.0","1964.9","238.7",,"10.0","15.2","4.9"
"AR000087860","COMODORO RIVADAVIA, AR","1959-10","0.0","0.0",,,"0","1","0","9","0","-0.4",,"23.2","2163.2","198.3",,"11.9","17.0","6.9"
"AR000087860","COMODORO RIVADAVIA, AR","1959-11","12.4","12.4",,,"0","0","0","18","0","4.5",,"27.8","2244.4","81.2",,"16.0","21.7","10.4"
"AR000087860","COMODORO RIVADAVIA, AR","1959-12","55.2","42.8",,,"0","0","0","22","2","8.9",,"35.4","2287.5","43.1",,"18.3","24.4","12.2"
"AR000087860","COMODORO RIVADAVIA, AR","1960-01","166.4","111.2",,,"0","0","0","25","7","7.2",,"35.0","27.9","27.9",,"21.1","27.0","15.2"
"AR000087860","COMODORO RIVADAVIA, AR","1960-02","241.2","74.8",,,"0","0","0","25","4","9.1",,"36.5","47.0","19.1",,"20.3","26.4","14.1"
"AR000087860","COMODORO RIVADAVIA, AR","1960-03","260.8","19.6",,,"0","0","0","17","0","7.4",,"32.1","106.8","59.8",,"17.0","22.2","11.9"
"AR000087860","COMODORO RIVADAVIA, AR","1960-04","265.8","5.0",,,"0","0","0","6","0","2.4",,"25.6","245.5","138.7",,"13.9","19.0","8.8"
"AR000087860","COMODORO RIVADAVIA, AR","1960-05","269.9","4.1",,,"0","1","0","4","0","-0.7",,"25.7","470.7","225.2",,"11.2","15.4","7.0"
"AR000087860","COMODORO RIVADAVIA, AR","1960-06","269.9","0.0",,,"0","13","0","0","0","-5.2",,"18.3","864.6","393.9",,"5.2","8.6","1.8"
"AR000087860","COMODORO RIVADAVIA, AR","1960-07","0.0","0.0",,,"0","8","0","0","0","-5.6",,"17.3","1223.0","358.4",,"6.8","10.5","3.0"
"AR000087860","COMODORO RIVADAVIA, AR","1960-08","0.0","0.0",,,"0","2","0","0","0","-2.8",,"19.1","1525.7","302.7",,"8.6","13.2","3.9"
"AR000087860","COMODORO RIVADAVIA, AR","1960-09","0.0","0.0",,,"0","4","0","1","0","-0.4",,"21.6","1777.5","251.8",,"9.9","15.1","4.8"
"AR000087860","COMODORO RIVADAVIA, AR","1960-10","3.6","3.6",,,"0","0","0","9","0","0.8",,"25.3","1936.8","159.3",,"13.3","18.6","8.0"
"AR000087860","COMODORO RIVADAVIA, AR","1960-11","24.7","21.1",,,"0","0","0","20","0","6.2",,"29.0","1989.0","52.2",,"17.3","22.7","11.9"
"AR000087860","COMODORO RIVADAVIA, AR","1960-12","60.0","35.3",,,"0","0","0","23","0","5.2",,"32.0","2053.0","64.0",,"17.4","23.3","11.6"
"AR000087860","COMODORO RIVADAVIA, AR","1961-01","105.8","45.8",,,"0","0","0","28","2","7.8",,"38.0","28.9","28.9",,"18.9","25.1","12.7"
"AR000087860","COMODORO RIVADAVIA, AR","1961-02","175.4","69.6",,,"0","0","0","21","2","6.3",,"33.8","61.2","32.3",,"19.7","25.1","14.3"
"AR000087860","COMODORO RIVADAVIA, AR","1961-03","188.6","13.2",,,"0","0","0","17","1","4.1",,"33.0","126.7","65.5",,"16.6","22.2","11.1"
"AR000087860","COMODORO RIVADAVIA, AR","1961-04","188.6","0.0",,,"0","0","0","0","0","1.7",,"21.0","296.7","170.0",,"12.2","17.1","7.3"
"AR000087860","COMODORO RIVADAVIA, AR","1961-05","188.7","0.1",,,"0","2","0","4","0","-2.2",,"22.4","493.6","196.9",,"11.1","15.6","6.6"
"AR000087860","COMODORO RIVADAVIA, AR","1961-06","188.7","0.0",,,"0","11","0","0","0","-4.8",,"19.3","838.7","345.1",,"6.1","9.9","2.3"
"AR000087860","COMODORO RIVADAVIA, AR","1961-07","0.0","0.0",,,"0","9","0","0","0","-4.2",,"12.6","1267.6","428.9",,"4.5","7.7","1.3"
"AR000087860","COMODORO RIVADAVIA, AR","1961-08","0.0","0.0",,,"0","7","0","1","0","-3.6",,"22.9","1603.4","335.8",,"7.5","11.6","3.4"
"AR000087860","COMODORO RIVADAVIA, AR","1961-09","0.0","0.0",,,"0","1","0","0","0","-0.8",,"19.9","1888.1","284.7",,"8.8","13.3","4.4"
"AR000087860","COMODORO RIVADAVIA, AR","1961-10","7.0","7.0",,,"0","1","0","11","0","-0.6",,"27.4","2046.1","158.0",,"13.5","19.3","7.6"
"AR000087860","COMODORO RIVADAVIA, AR","1961-11","14.5","7.5",,,"0","0","0","22","0","3.9",,"28.9","2114.0","67.9",,"16.3","22.7","10.0"
"AR000087860","COMODORO RIVADAVIA, AR","1961-12","42.2","27.7",,,"0","0","0","22","0","6.3",,"30.9","2162.8","48.8",,"17.6","24.0","11.3"
"AR000087860","COMODORO RIVADAVIA, AR","1962-01","95.3","53.1",,,"0","0","0","24","2","8.9",,"37.2","36.9","36.9",,"18.9","24.9","12.8"
"AR000087860","COMODORO RIVADAVIA, AR","1962-02","149.3","54.0",,,"0","0","0","22","5","7.6",,"36.4","73.2","36.3",,"19.0","24.8","13.1"
"AR000087860","COMODORO RIVADAVIA, AR","1962-03","187.8","38.5",,,"0","0","0","26","0","6.0",,"30.4","109.6","36.4",,"18.4","23.9","12.9"
"AR000087860","COMODORO RIVADAVIA, AR","1962-04","188.9","1.1",,,"0","0","0","7","0","1.8",,"25.4","265.1","155.5",,"13.2","18.3","8.1"
"AR000087860","COMODORO RIVADAVIA, AR","1962-05","188.9","0.0",,,"0","1","0","3","0","-0.1",,"22.4","488.4","223.3",,"11.1","14.7","7.6"
"AR000087860","COMODORO RIVADAVIA, AR","1962-06","188.9","0.0",,,"0","2","0","0","0","-2.0",,"20.2","794.2","305.8",,"8.1","12.2","4.1"
"AR000087860","COMODORO RIVADAVIA, AR","1962-07","0.0","0.0",,,"0","5","0","0","0","-2.0",,"16.8","1125.8","331.6",,"7.6","12.1","3.2"
"AR000087860","COMODORO RIVADAVIA, AR","1962-08","0.0","0.0",,,"0","6","0","0","0","-2.4",,"17.9","1451.1","325.3",,"7.8","12.0","3.7"
"AR000087860","COMODORO RIVADAVIA, AR","1962-09","0.0","0.0",,,"0","1","0","0","0","0.0",,"20.6","1678.5","227.4",,"10.8","15.9","5.6"
"AR000087860","COMODORO RIVADAVIA, AR","1962-10","9.1","9.1",,,"0","1","0","14","0","0.0",,"28.8","1817.6","139.1",,"14.1","20.4","7.9"
"AR000087860","COMODORO RIVADAVIA, AR","1962-11","28.5","19.4",,,"0","0","0","15","1","5.4",,"32.5","1874.7","57.1",,"16.9","22.5","11.3"
"AR000087860","COMODORO RIVADAVIA, AR","1962-12","93.4","64.9",,,"0","0","0","25","1","6.6",,"34.1","1907.5","32.8",,"19.4","25.2","13.5"
"AR000087860","COMODORO RIVADAVIA, AR","1963-01","133.7","40.3",,,"0","0","0","26","1","7.0",,"35.3","39.4","39.4",,"18.4","24.9","11.8"
"AR000087860","COMODORO RIVADAVIA, AR","1963-02","204.9","71.2",,,"0","0","0","25","2","9.5",,"37.7","57.4","18.0",,"20.2","26.3","14.1"
"AR000087860","COMODORO RIVADAVIA, AR","1963-03","216.7","11.8",,,"0","0","0","16","0","4.3",,"27.4","135.4","78.0",,"16.2","21.7","10.7"
"AR000087860","COMODORO RIVADAVIA, AR","1963-04","216.7","0.0",,,"0","0","0","4","0","3.2",,"24.7","290.5","155.1",,"13.2","17.6","8.7"
"AR000087860","COMODORO RIVADAVIA, AR","1963-05","216.7","0.0",,,"0","0","0","0","0","1.0",,"19.8","529.2","238.7",,"10.4","14.2","6.6"
"AR000087860","COMODORO RIVADAVIA, AR","1963-06","216.7","0.0",,,"0","3","0","0","0","-2.1",,"19.9","852.5","323.3",,"7.6","11.5","3.6"
"AR000087860","COMODORO RIVADAVIA, AR","1963-07","0.0","0.0",,,"0","3","0","0","0","-2.5",,"17.2","1213.6","361.1",,"6.7","10.6","2.8"
"AR000087860","COMODORO RIVADAVIA, AR","1963-08","0.0","0.0",,,"0","5","0","0","0","-1.0",,"16.3","1576.6","363.0",,"6.6","10.2","3.1"
"AR000087860","COMODORO RIVADAVIA, AR","1963-09","0.0","0.0",,,"0","0","0","0","0","1.1",,"16.7","1889.2","312.6",,"7.6","11.5","3.6"
"AR000087860","COMODORO RIVADAVIA, AR","1963-10","0.0","0.0",,,"0","0","0","4","0","1.7",,"23.7","2093.9","204.7",,"11.7","16.3","7.1"
"AR000087860","COMODORO RIVADAVIA, AR","1963-11","0.3","0.3",,,"0","0","0","11","0","3.4",,"26.7","2228.2","134.3",,"13.9","19.2","8.5"
"AR000087860","COMODORO RIVADAVIA, AR","1963-12","51.6","51.3",,,"0","0","0","25","1","7.0",,"35.0","2268.2","40.0",,"18.7","25.3","12.1"
"AR000087860","COMODORO RIVADAVIA, AR","1964-01","142.2","90.6",,,"0","0","0","31","4","9.5",,"39.4","5.6","5.6",,"21.1","27.8","14.4"
"AR000087860","COMODORO RIVADAVIA, AR","1964-02","166.4","24.2",,,"0","0","0","22","1","6.9",,"34.2","46.3","40.7",,"17.8","23.5","12.0"
"AR000087860","COMODORO RIVADAVIA, AR","1964-03","176.2","9.8",,,"0","0","0","15","0","4.0",,"29.1","136.1","89.8",,"15.8","21.2","10.4"
"AR000087860","COMODORO RIVADAVIA, AR","1964-04","176.2","0.0",,,"0","0","0","8","0","2.9",,"26.2","292.3","156.2",,"13.1","18.5","7.8"
"AR000087860","COMODORO RIVADAVIA, AR","1964-05","177.6","1.4",,,"0","1","0","2","0","-3.0",,"23.8","555.3","263.0",,"9.5","14.1","4.9"
"AR000087860","COMODORO RIVADAVIA, AR","1964-06","177.6","0.0",,,"0","15","0","0","0","-8.5",,"14.6","980.1","424.8",,"4.2","8.2","0.1"
"AR000087860","COMODORO RIVADAVIA, AR","1964-07","0.0","0.0",,,"0","2","0","0","0","-1.1",,"17.0","1290.0","309.9",,"8.3","12.1","4.6"
"AR000087860","COMODORO RIVADAVIA, AR","1964-08","0.0","0.0",,,"0","6","0","0","0","-2.2",,"20.6","1608.1","318.1",,"8.1","12.5","3.6"
"AR000087860","COMODORO RIVADAVIA, AR","1964-09","0.0","0.0",,,"0","5","0","3","0","-5.7",,"23.9","1872.9","264.8",,"9.5","14.5","4.5"
"AR000087860","COMODORO RIVADAVIA, AR","1964-10","6.3","6.3",,,"0","0","0","10","0","1.5",,"32.0","2026.7","153.8",,"13.6","19.4","7.8"
"AR000087860","COMODORO RIVADAVIA, AR","1964-11","20.2","13.9",,,"0","0","0","14","0","4.4",,"32.1","2137.3","110.6",,"15.1","21.0","9.2"
"AR000087860","COMODORO RIVADAVIA, AR","1964-12","42.1","21.9",,,"0","0","0","21","0","4.4",,"31.1","2200.2","62.9",,"17.0","22.7","11.4"
"AR000087860","COMODORO RIVADAVIA, AR","1965-01","127.8","85.7",,,"0","0","0","24","3","6.5",,"37.2","29.7","29.7",,"20.1","26.0","14.2"
"AR000087860","COMODORO RIVADAVIA, AR","1965-02","167.8","40.0",,,"0","0","0","22","0","7.7",,"30.7","63.5","33.8",,"18.6","24.4","12.7"
"AR000087860","COMODORO RIVADAVIA, AR","1965-03","200.0","32.2",,,"0","0","0","20","1","5.3",,"34.7","116.1","52.6",,"17.7","23.6","11.7"
"AR000087860","COMODORO RIVADAVIA, AR","1965-04","202.8","2.8",,,"0","1","0","6","0","-0.6",,"25.5","299.3","183.2",,"12.3","16.7","7.9"
"AR000087860","COMODORO RIVADAVIA, AR","1965-05","202.8","0.0",,,"0","3","0","0","0","-0.7",,"20.0","606.8","307.5",,"8.4","12.1","4.8"
"AR000087860","COMODORO RIVADAVIA, AR","1965-06","202.8","0.0",,,"0","4","0","0","0","-1.7",,"19.1","892.1","285.3",,"8.8","12.8","4.9"
"AR000087860","COMODORO RIVADAVIA, AR","1965-07","0.0","0.0",,,"0","15","0","0","0","-4.5",,"17.6","1317.6","425.5",,"4.6","7.8","1.4"
"AR000087860","COMODORO RIVADAVIA, AR","1965-08","0.0","0.0",,,"0","2","0","0","0","-0.1",,"19.1","1603.0","285.4",,"9.1","13.4","4.8"
"AR000087860","COMODORO RIVADAVIA, AR","1965-09","0.0","0.0",,,"0","0","0","0","0","0.6",,"21.0","1841.4","238.4",,"10.4","15.7","5.1"
"AR000087860","COMODORO RIVADAVIA, AR","1965-10","1.8","1.8",,,"0","0","0","10","0","1.3",,"30.5","2009.4","168.0",,"13.0","18.8","7.1"
"AR000087860","COMODORO RIVADAVIA, AR","1965-11","18.3","16.5",,,"0","0","0","21","0","2.9",,"29.0","2082.4","73.0",,"16.4","22.3","10.6"
"AR000087860","COMODORO RIVADAVIA, AR","1965-12","32.7","14.4",,,"0","0","0","13","0","4.5",,"27.8","2198.3","115.9",,"15.0","20.4","9.6"
"AR000087860","COMODORO RIVADAVIA, AR","1966-01","78.0","45.3",,,"0","0","0","28","0","7.6",,"31.1","21.4","21.4",,"19.1","25.3","12.9"
"AR000087860","COMODORO RIVADAVIA, AR","1966-02","88.5","10.5",,,"0","0","0","18","0","5.5",,"30.3","102.6","81.2",,"15.8","22.0","9.6"
"AR000087860","COMODORO RIVADAVIA, AR","1966-03","115.0","26.5",,,"0","0","0","19","0","4.8",,"29.6","163.9","61.3",,"17.2","23.0","11.5"
"AR000087860","COMODORO RIVADAVIA, AR","1966-04","120.7","5.7",,,"0","0","0","11","0","4.1",,"28.4","291.6","127.7",,"14.3","19.4","9.1"
"AR000087860","COMODORO RIVADAVIA, AR","1966-05","120.7","0.0",,,"0","0","0","1","0","2.4",,"21.6","509.0","217.4",,"11.3","15.8","6.9"
"AR000087860","COMODORO RIVADAVIA, AR","1966-06","120.7","0.0",,,"0","4","0","1","0","-1.0",,"21.1","834.0","325.0",,"7.5","10.8","4.2"
"AR000087860","COMODORO RIVADAVIA, AR","1966-07","0.0","0.0",,,"0","14","0","0","0","-6.5",,"18.4","1239.5","405.5",,"5.3","9.2","1.3"
"AR000087860","COMODORO RIVADAVIA, AR","1966-08","0.0","0.0",,,"0","1","0","0","0","-0.2",,"19.1","1558.2","318.7",,"8.1","12.4","3.7"
"AR000087860","COMODORO RIVADAVIA, AR","1966-09","0.0","0.0",,,"0","3","0","1","0","-2.1",,"22.1","1828.3","270.1",,"9.3","14.4","4.2"
"AR000087860","COMODORO RIVADAVIA, AR","1966-10","0.0","0.0",,,"0","1","0","5","0","-0.5",,"24.9","2037.4","209.1",,"11.6","17.0","6.2"
"AR000087860","COMODORO RIVADAVIA, AR","1966-11","7.2","7.2",,,"0","0","0","16","0","2.6",,"29.0","2125.3","87.9",,"15.6","21.4","9.9"
"AR000087860","COMODORO RIVADAVIA, AR","1966-12","32.8","25.6",,,"0","0","0","21","3","5.4",,"35.0","2185.7","60.4",,"17.2","23.3","11.1"
"AR000087860","COMODORO RIVADAVIA, AR","1967-01","87.2","54.4",,,"0","0","0","25","2","5.6",,"32.7","35.9","35.9",,"18.9","24.4","13.4"
"AR000087860","COMODORO RIVADAVIA, AR","1967-03",,"26.6",,,"0","0","0","18","0","3.2",,"30.6",,"85.9",,"16.4","22.2","10.6"
"AR000087860","COMODORO RIVADAVIA, AR","1967-04",,"5.8",,,"0","0","0","10","0","2.2",,"26.5",,"103.9",,"15.1","20.2","10.0"
"AR000087860","COMODORO RIVADAVIA, AR","1967-05",,"0.0",,,"0","4","0","4","0","-2.6",,"22.4",,"236.3",,"10.7","15.2","6.2"
"AR000087860","COMODORO RIVADAVIA, AR","1967-06",,"0.0",,,"0","7","0","0","0","-3.5",,"13.5",,"370.7",,"6.0","10.0","2.0"
"AR000087860","COMODORO RIVADAVIA, AR","1967-08",,"0.0",,,"0","2","0","0","0","-1.6",,"18.5",,"341.9",,"7.3","10.8","3.9"
"AR000087860","COMODORO RIVADAVIA, AR","1967-09",,"0.0",,,"0","1","0","2","0","-2.2",,"21.8",,"244.1",,"10.2","15.3","5.1"
"AR000087860","COMODORO RIVADAVIA, AR","1967-10",,"0.0",,,"0","0","0","3","0","3.0",,"22.6",,"222.5",,"11.2","15.6","6.8"
"AR000087860","COMODORO RIVADAVIA, AR","1967-11",,"29.1",,,"0","0","0","25","0","6.8",,"30.2",,"48.8",,"17.7","23.5","11.9"
"AR000087860","COMODORO RIVADAVIA, AR","1967-12",,"47.0",,,"0","0","0","26","0","3.6",,"31.2",,"45.3",,"18.4","24.4","12.4"
"AR000087860","COMODORO RIVADAVIA, AR","1968-01",,"56.8",,,"0","0","0","26","4","8.4",,"38.5","25.6","25.6",,"19.3","25.4","13.2"
"AR000087860","COMODORO RIVADAVIA, AR","1968-02",,"39.3",,,"0","0","0","21","0","6.0",,"31.1","74.3","48.7",,"18.0","23.9","12.1"
"AR000087860","COMODORO RIVADAVIA, AR","1968-03",,"22.8",,,"0","0","0","19","1","4.0",,"34.0","173.4","99.1",,"15.9","21.6","10.1"
"AR000087860","COMODORO RIVADAVIA, AR","1968-04",,"4.0",,,"0","0","0","13","0","2.7",,"28.5","305.6","132.2",,"14.1","19.7","8.4"
"AR000087860","COMODORO RIVADAVIA, AR","1968-05",,"0.2",,,"0","0","0","5","0","1.6",,"22.5","494.4","188.8",,"12.3","17.1","7.4"
"AR000087860","COMODORO RIVADAVIA, AR","1968-06",,"0.0",,,"0","2","0","0","0","-2.0",,"19.4","781.6","287.2",,"8.8","13.1","4.4"
"AR000087860","COMODORO RIVADAVIA, AR","1968-07","0.0","0.0",,,"0","2","0","0","0","0.0",,"18.0","1066.8","285.2",,"9.1","12.9","5.3"
"AR000087860","COMODORO RIVADAVIA, AR","1968-08","0.0","0.0",,,"0","3","0","1","0","-1.0",,"24.7","1317.4","250.6",,"10.3","15.0","5.5"
"AR000087860","COMODORO RIVADAVIA, AR","1968-09","0.7","0.7",,,"0","1","0","4","0","-2.3",,"23.8","1561.0","243.6",,"10.2","15.5","5.0"
"AR000087860","COMODORO RIVADAVIA, AR","1968-10","0.7","0.0",,,"0","0","0","7","0","0.9",,"27.8","1747.5","186.5",,"12.3","18.4","6.3"
"AR000087860","COMODORO RIVADAVIA, AR","1968-11","41.0","40.3",,,"0","0","0","25","1","7.0",,"34.8","1785.3","37.8",,"18.4","24.9","11.9"
"AR000087860","COMODORO RIVADAVIA, AR","1968-12","56.0","15.0",,,"0","0","0","17","0","6.2",,"30.1","1862.1","76.8",,"16.3","21.6","11.1"
"AR000087860","COMODORO RIVADAVIA, AR","1969-01","127.2","71.2",,,"0","0","0","28","4","8.8",,"34.7","22.9","22.9",,"19.9","25.9","13.9"
"AR000087860","COMODORO RIVADAVIA, AR","1969-02","168.2","41.0",,,"0","0","0","23","0","5.2",,"31.0","58.4","35.5",,"18.5","24.7","12.3"
"AR000087860","COMODORO RIVADAVIA, AR","1969-03","203.3","35.1",,,"0","0","0","19","1","5.2",,"33.0","129.8","71.4",,"17.2","23.0","11.4"
"AR000087860","COMODORO RIVADAVIA, AR","1969-04","204.5","1.2",,,"0","0","0","11","0","3.6",,"25.7","247.7","117.9",,"14.4","19.7","9.2"
"AR000087860","COMODORO RIVADAVIA, AR","1969-05","206.0","1.5",,,"0","1","0","4","0","-0.8",,"24.4","508.1","260.4",,"10.0","14.4","5.6"
"AR000087860","COMODORO RIVADAVIA, AR","1969-06","206.0","0.0",,,"0","4","0","0","0","-3.0",,"16.6","841.0","332.9",,"7.2","11.3","3.1"
"AR000087860","COMODORO RIVADAVIA, AR","1969-07","0.0","0.0",,,"0","11","0","0","0","-4.9",,"19.5","1203.6","362.6",,"6.6","10.9","2.4"
"AR000087860","COMODORO RIVADAVIA, AR","1969-08","0.0","0.0",,,"0","1","0","0","0","-0.6",,"19.3","1478.5","274.9",,"9.5","13.8","5.1"
"AR000087860","COMODORO RIVADAVIA, AR","1969-09","0.0","0.0",,,"0","1","0","2","0","-1.0",,"23.3","1727.3","248.8",,"10.0","14.8","5.3"
"AR000087860","COMODORO RIVADAVIA, AR","1969-10","0.0","0.0",,,"0","0","0","7","0","1.0",,"25.0","1933.5","206.2",,"11.7","17.3","6.1"
"AR000087860","COMODORO RIVADAVIA, AR","1969-11","8.6","8.6",,,"0","0","0","14","0","5.0",,"29.3","2014.3","80.8",,"15.9","21.8","10.1"
"AR000087860","COMODORO RIVADAVIA, AR","1969-12","57.7","49.1",,,"0","0","0","28","3","7.5",,"33.7","2031.9","17.6",,"19.4","25.9","12.8"
"AR000087860","COMODORO RIVADAVIA, AR","1970-01","98.7","41.0",,,"0","0","0","24","1","8.6",,"32.2","31.4","31.4",,"18.6","23.9","13.4"
"AR000087860","COMODORO RIVADAVIA, AR","1970-02","171.5","72.8",,,"0","0","0","26","5","9.0",,"35.7","42.3","10.9",,"20.5","27.6","13.5"
"AR000087860","COMODORO RIVADAVIA, AR","1970-03","191.1","19.6",,,"0","0","0","15","1","2.5",,"32.3","140.2","97.9",,"15.8","21.3","10.3"
"AR000087860","COMODORO RIVADAVIA, AR","1970-04","197.4","6.3",,,"0","0","0","7","0","2.7",,"29.0","270.0","129.8",,"14.2","19.2","9.2"
"AR000087860","COMODORO RIVADAVIA, AR","1970-05","197.4","0.0",,,"0","1","0","0","0","-1.5",,"20.6","539.8","269.8",,"9.6","14.1","5.1"
"AR000087860","COMODORO RIVADAVIA, AR","1970-06","197.4","0.0",,,"0","2","0","0","0","-1.9",,"16.5","868.1","328.3",,"7.4","11.5","3.2"
"AR000087860","COMODORO RIVADAVIA, AR","1970-07","0.0","0.0",,,"0","4","0","0","0","-4.7",,"16.6","1201.2","333.1",,"7.6","11.6","3.6"
"AR000087860","COMODORO RIVADAVIA, AR","1970-08","0.0","0.0",,,"0","3","0","0","0","-2.7",,"19.4","1526.5","325.3",,"7.8","12.5","3.2"
"AR000087860","COMODORO RIVADAVIA, AR","1970-09","0.0","0.0",,,"0","1","0","2","0","-1.1",,"21.6","1707.4","180.9",,"12.3","17.9","6.8"
"AR000087860","COMODORO RIVADAVIA, AR","1970-10","3.3","3.3",,,"0","0","0","12","0","1.5",,"28.4","1857.5","150.1",,"13.6","19.9","7.3"
"AR000087860","COMODORO RIVADAVIA, AR","1970-11","16.3","13.0",,,"0","0","0","19","0","5.0",,"30.6","1943.0","85.5",,"15.9","21.8","10.0"
"AR000087860","COMODORO RIVADAVIA, AR","1970-12","43.3","27.0",,,"0","0","0","20","0","5.3",,"29.8","2015.3","72.3",,"16.9","22.9","10.8"
"AR000087860","COMODORO RIVADAVIA, AR","1971-01","62.5","19.2",,,"0","0","0","21","0","4.8",,"29.1","78.4","78.4",,"16.4","22.5","10.4"
"AR000087860","COMODORO RIVADAVIA, AR","1971-02","93.2","30.7",,,"0","0","0","17","2","3.5",,"34.5","139.1","60.7",,"17.3","23.5","11.0"
"AR000087860","COMODORO RIVADAVIA, AR","1971-03","117.0","23.8",,,"0","0","0","19","1","5.2",,"34.8","228.8","89.7",,"16.2","21.9","10.6"
"AR000087860","COMODORO RIVADAVIA, AR","1971-04","119.4","2.4",,,"0","0","0","8","0","3.2",,"25.6","376.4","147.6",,"13.5","18.1","8.9"
"AR000087860","COMODORO RIVADAVIA, AR","1971-05","119.4","0.0",,,"0","6","0","0","0","-2.4",,"19.9","675.7","299.3",,"8.7","13.7","3.6"
"AR000087860","COMODORO RIVADAVIA, AR","1971-06","119.4","0.0",,,"0","13","0","0","0","-2.9",,"13.1","1073.2","397.5",,"5.1","9.0","1.2"
"AR000087860","COMODORO RIVADAVIA, AR","1971-07","0.0","0.0",,,"0","5","0","0","0","-2.5",,"19.9","1432.0","358.8",,"6.8","10.2","3.3"
"AR000087860","COMODORO RIVADAVIA, AR","1971-08","0.0","0.0",,,"0","3","0","0","0","-1.5",,"19.9","1729.6","297.6",,"8.7","13.1","4.4"
"AR000087860","COMODORO RIVADAVIA, AR","1971-09","0.8","0.8",,,"0","1","0","7","0","-0.1",,"25.3","1915.7","186.1",,"12.2","17.2","7.1"
"AR000087860","COMODORO RIVADAVIA, AR","1971-10","7.0","6.2",,,"0","1","0","14","0","0.0",,"28.5","2052.9","137.2",,"14.1","20.1","8.1"
"AR000087860","COMODORO RIVADAVIA, AR","1971-11","40.5","33.5",,,"0","0","0","22","2","4.5",,"33.7","2099.0","46.1",,"17.9","24.3","11.6"
"AR000087860","COMODORO RIVADAVIA, AR","1971-12","50.8","10.3",,,"0","0","0","21","0","2.0",,"31.5","2169.1","70.1",,"16.4","22.8","10.0"
"AR000087860","COMODORO RIVADAVIA, AR","1972-01","115.3","64.5",,,"0","0","0","25","4","8.8",,"36.4","44.3","44.3",,"19.0","25.2","12.7"
"AR000087860","COMODORO RIVADAVIA, AR","1972-02","148.8","33.5",,,"0","0","0","24","2","3.7",,"33.5","98.9","54.6",,"17.6","24.9","10.3"
"AR000087860","COMODORO RIVADAVIA, AR","1972-03","157.3","8.5",,,"0","0","0","17","0","3.9",,"29.3","196.5","97.6",,"15.5","21.4","9.5"
"AR000087860","COMODORO RIVADAVIA, AR","1972-04","170.6","13.3",,,"0","0","0","18","0","3.6",,"28.6","278.3","81.8",,"16.1","21.2","10.9"
"AR000087860","COMODORO RIVADAVIA, AR","1972-05","170.6","0.0",,,"0","2","0","2","0","-1.2",,"24.2","609.5","331.2",,"7.6","11.7","3.6"
"AR000087860","COMODORO RIVADAVIA, AR","1972-06","170.6","0.0",,,"0","15","0","0","0","-4.5",,"16.4","1007.4","397.9",,"5.1","9.1","1.1"
"AR000087860","COMODORO RIVADAVIA, AR","1972-07","0.0","0.0",,,"0","9","0","0","0","-4.5",,"16.2","1389.1","381.7",,"6.0","10.4","1.7"
"AR000087860","COMODORO RIVADAVIA, AR","1972-08","0.0","0.0",,,"0","14","0","0","0","-5.0",,"15.9","1797.1","408.0",,"5.2","9.5","0.8"
"AR000087860","COMODORO RIVADAVIA, AR","1972-09","0.0","0.0",,,"0","2","0","2","0","-0.5",,"27.3","2027.2","230.1",,"10.7","16.6","4.7"
"AR000087860","COMODORO RIVADAVIA, AR","1972-10","0.5","0.5",,,"0","1","0","7","0","-1.8",,"25.7","2247.3","220.1",,"11.3","16.7","5.8"
"AR000087860","COMODORO RIVADAVIA, AR","1972-11","17.6","17.1",,,"0","0","0","19","1","4.0",,"33.1","2326.1","78.8",,"16.3","22.9","9.6"
"AR000087860","COMODORO RIVADAVIA, AR","1972-12","79.5","61.9",,,"0","0","0","27","3","5.3",,"37.6","2344.0","17.9",,"19.8","26.4","13.1"
"AR000087860","COMODORO RIVADAVIA, AR","1973-01","138.5","59.0",,,"0","0","0","22","3","6.6",,"36.0","47.9","47.9",,"18.7","25.0","12.4"
"AR000087860","COMODORO RIVADAVIA, AR","1973-02","188.7","50.2",,,"0","0","0","25","2","4.8",,"37.6","76.2","28.3",,"19.1","26.1","12.1"
"AR000087860","COMODORO RIVADAVIA, AR","1973-03","219.6","30.9",,,"0","0","0","23","0","6.2",,"27.7","113.2","37.0",,"18.1","23.5","12.8"
"AR000087860","COMODORO RIVADAVIA, AR","1973-04","221.4","1.8",,,"0","1","0","5","0","-0.6",,"26.3","293.5","180.3",,"12.4","17.6","7.1"
"AR000087860","COMODORO RIVADAVIA, AR","1973-05","221.4","0.0",,,"0","2","0","0","0","-1.5",,"19.8","584.4","290.9",,"8.9","13.4","4.5"
"AR000087860","COMODORO RIVADAVIA, AR","1973-06","221.4","0.0",,,"0","5","0","0","0","-2.6",,"18.3","926.7","342.3",,"6.9","10.8","3.1"
"AR000087860","COMODORO RIVADAVIA, AR","1973-07","0.0","0.0",,,"0","10","0","0","0","-6.2",,"14.2","1343.5","416.8",,"4.9","8.5","1.3"
"AR000087860","COMODORO RIVADAVIA, AR","1973-08","0.0","0.0",,,"0","2","0","0","0","-1.0",,"20.5","1623.7","280.2",,"9.3","13.8","4.8"
"AR000087860","COMODORO RIVADAVIA, AR","1973-09","0.0","0.0","0","0","0","2","0","2","0","-1.0","0.0","22.3","1850.2","226.5","0.0","10.8","16.2","5.3"
"AR000087860","COMODORO RIVADAVIA, AR","1973-10","2.8","2.8",,,"0","0","0","9","0","0.9",,"28.1","1997.7","147.5",,"13.7","19.8","7.5"
"AR000087860","COMODORO RIVADAVIA, AR","1973-11","11.7","8.9",,,"0","0","0","19","0","3.8",,"28.8","2078.4","80.7",,"15.9","22.1","9.7"
"AR000087860","COMODORO RIVADAVIA, AR","1973-12","60.9","49.2","2","1","0","0","0","27","2","7.6","7.9","34.6","2112.2","33.8","8.9","18.8","25.6","12.1"
"AR000087860","COMODORO RIVADAVIA, AR","1974-01","112.4","51.5","3","1","0","0","0","26","2","4.9","5.1","35.0","44.8","44.8","7.1","18.6","25.0","12.1"
"AR000087860","COMODORO RIVADAVIA, AR","1974-02","134.0","21.6",,,"0","0","0","15","0","7.1",,"31.0","130.4","85.6",,"16.1","21.5","10.6"
"AR000087860","COMODORO RIVADAVIA, AR","1974-03","158.8","24.8","0","0","0","0","0","22","0","7.0","0.0","29.9","177.2","46.8","0.0","17.6","23.5","11.7"
"AR000087860","COMODORO RIVADAVIA, AR","1974-04","174.1","15.3",,,"0","1","0","11","0","0.0",,"28.2","305.7","128.5",,"14.6","19.9","9.2"
"AR000087860","COMODORO RIVADAVIA, AR","1974-05","174.1","0.0",,,"0","2","0","1","0","-1.6",,"23.6","611.2","305.5",,"8.5","12.2","4.7"
"AR000087860","COMODORO RIVADAVIA, AR","1974-06","174.1","0.0","2","2","0","5","0","0","0","-3.1","14.0","15.2","965.2","354.0","24.9","6.5","10.5","2.5"
"AR000087860","COMODORO RIVADAVIA, AR","1974-07","0.0","0.0",,,"0","10","0","0","0","-5.3",,"17.2","1300.5","335.3",,"7.5","12.0","3.1"
"AR000087860","COMODORO RIVADAVIA, AR","1974-08","0.0","0.0","3","0","0","4","0","1","0","-2.9","0.5","21.1","1596.6","296.1","1.5","8.8","13.3","4.3"
"AR000087860","COMODORO RIVADAVIA, AR","1974-09","0.0","0.0","3","0","0","3","0","2","0","-1.3","2.0","23.1","1830.2","233.6","5.0","10.6","16.6","4.5"
"AR000087860","COMODORO RIVADAVIA, AR","1974-10","1.2","1.2","5","4","0","1","0","19","0","-0.8","42.9","29.0","1959.1","128.9","59.9","14.2","21.3","7.2"
"AR000087860","COMODORO RIVADAVIA, AR","1974-11","16.0","14.8","5","1","0","0","0","12","1","4.5","4.1","34.6","2070.2","111.1","9.1","15.1","21.4","8.8"
"AR000087860","COMODORO RIVADAVIA, AR","1974-12","62.2","46.2","1","1","0","0","0","24","3","5.4","3.0","34.5","2130.8","60.6","3.0","17.9","24.6","11.1"
"AR000087860","COMODORO RIVADAVIA, AR","1975-01","125.8","63.6",,,"0","0","0","26","2","4.4",,"34.4","41.5","41.5",,"19.1","25.9","12.1"
"AR000087860","COMODORO RIVADAVIA, AR","1975-02","170.8","45.0",,,"0","0","0","27","0","8.4",,"31.2","56.5","15.0",,"19.4","25.7","13.1"
"AR000087860","COMODORO RIVADAVIA, AR","1975-03","189.2","18.4",,,"0","0","0","19","0","5.1",,"30.7","133.9","77.4",,"16.4","22.4","10.5"
"AR000087860","COMODORO RIVADAVIA, AR","1975-04","191.0","1.8",,,"0","1","0","11","0","-0.3",,"27.0","258.7","124.8",,"14.2","19.6","8.8"
"AR000087860","COMODORO RIVADAVIA, AR","1975-05","191.0","0.0",,,"0","1","0","1","0","-0.1",,"22.3","522.0","263.3",,"9.8","14.8","4.9"
"AR000087860","COMODORO RIVADAVIA, AR","1975-06","191.0","0.0",,,"0","5","0","0","0","-5.0",,"20.0","818.8","296.8",,"8.4","12.7","4.1"
"AR000087860","COMODORO RIVADAVIA, AR","1975-07","0.0","0.0",,,"0","9","0","0","0","-3.7",,"16.2","1180.5","361.7",,"6.7","10.4","2.9"
"AR000087860","COMODORO RIVADAVIA, AR","1975-08","0.0","0.0",,,"0","7","0","1","0","-2.6",,"22.6","1488.0","307.5",,"8.4","12.6","4.3"
"AR000087860","COMODORO RIVADAVIA, AR","1975-09","0.0","0.0",,,"0","1","0","4","0","-0.1",,"23.8","1711.1","223.1",,"10.9","16.4","5.4"
"AR000087860","COMODORO RIVADAVIA, AR","1975-10","3.5","3.5",,,"0","0","0","14","0","1.7",,"32.0","1851.6","140.5",,"13.9","20.5","7.4"
"AR000087860","COMODORO RIVADAVIA, AR","1975-11","8.8","5.3",,,"0","0","0","13","0","2.4",,"31.1","1974.2","122.6",,"14.4","20.3","8.6"
"AR000087860","COMODORO RIVADAVIA, AR","1975-12","51.4","42.6",,,"0","0","0","21","2","5.6",,"33.1","2030.1","55.9",,"17.9","24.6","11.3"
"AR000087860","COMODORO RIVADAVIA, AR","1976-01","101.2","49.8",,,"0","0","0","26","2","5.9",,"34.0","42.5","42.5",,"18.6","25.4","11.7"
"AR000087860","COMODORO RIVADAVIA, AR","1976-02","151.5","50.3",,,"0","0","0","19","3","9.2",,"33.8","81.7","39.2",,"18.7","24.3","13.1"
"AR000087860","COMODORO RIVADAVIA, AR","1976-03","154.3","2.8",,,"0","0","0","14","0","3.3",,"27.0","215.9","134.2",,"14.1","19.5","8.7"
"AR000087860","COMODORO RIVADAVIA, AR","1976-04","157.0","2.7",,,"0","0","0","8","0","0.6",,"26.2","387.6","171.7",,"12.7","18.3","7.1"
"AR000087860","COMODORO RIVADAVIA, AR","1976-05","158.5","1.5",,,"0","0","0","4","0","0.8",,"25.0","611.4","223.8",,"11.2","16.1","6.2"
"AR000087860","COMODORO RIVADAVIA, AR","1976-06","158.5","0.0",,,"0","9","0","0","0","-2.9",,"15.2","997.6","386.2",,"5.5","9.4","1.5"
"AR000087860","COMODORO RIVADAVIA, AR","1976-07","0.0","0.0",,,"0","10","0","0","0","-4.0",,"17.2","1369.9","372.3",,"6.3","10.7","2.0"
"AR000087860","COMODORO RIVADAVIA, AR","1976-08","0.0","0.0",,,"0","7","0","1","0","-4.2",,"21.5","1671.7","301.8",,"8.6","13.4","3.8"
"AR000087860","COMODORO RIVADAVIA, AR","1976-09","0.1","0.1",,,"0","4","0","6","0","-2.5",,"23.8","1908.9","237.2",,"10.4","16.0","4.8"
"AR000087860","COMODORO RIVADAVIA, AR","1976-10","0.1","0.0","5","3","0","0","0","9","0","1.3","5.1","26.2","2100.9","192.0","17.3","12.1","17.4","6.9"
"AR000087860","COMODORO RIVADAVIA, AR","1976-11","20.6","20.5",,,"0","0","0","20","0","2.5",,"30.0","2187.1","86.2",,"16.1","22.6","9.7"
"AR000087860","COMODORO RIVADAVIA, AR","1976-12","40.0","19.4",,,"0","0","0","12","1","5.5",,"32.8","2297.9","110.8",,"15.4","19.9","10.9"
"AR000087860","COMODORO RIVADAVIA, AR","1977-01","100.3","60.3","3","2","0","0","0","23","4","7.1","7.1","35.2","44.1","44.1","14.2","18.9","25.2","12.5"
"AR000087860","COMODORO RIVADAVIA, AR","1977-02","129.8","29.5",,,"0","0","0","20","0","6.6",,"31.1","81.7","37.6",,"18.0","23.6","12.4"
"AR000087860","COMODORO RIVADAVIA, AR","1977-03","163.2","33.4","4","3","0","0","0","20","0","2.7","23.1","30.1","155.0","73.3","38.6","17.1","22.4","11.7"
"AR000087860","COMODORO RIVADAVIA, AR","1977-04","168.7","5.5","4","1","0","0","0","12","0","2.9","15.0","27.5","270.5","115.5","18.5","14.7","20.1","9.2"
"AR000087860","COMODORO RIVADAVIA, AR","1977-05","168.7","0.0","2","2","0","2","0","0","0","-0.4","8.9","20.3","533.2","262.7","11.9","9.9","15.1","4.6"
"AR000087860","COMODORO RIVADAVIA, AR","1977-06","168.7","0.0","5","1","0","8","0","0","0","-3.7","7.1","20.0","851.9","318.7","11.1","7.7","12.2","3.3"
"AR000087860","COMODORO RIVADAVIA, AR","1977-07","0.0","0.0","10","6","0","8","0","0","0","-1.9","24.9","12.5","1285.3","433.4","58.0","4.4","7.6","1.1"
"AR000087860","COMODORO RIVADAVIA, AR","1977-08","0.0","0.0",,,"0","9","0","0","0","-5.2",,"20.5","1650.6","365.3",,"6.6","10.6","2.5"
"AR000087860","COMODORO RIVADAVIA, AR","1977-09","0.0","0.0","6","5","0","0","0","4","0","1.4","14.0","24.0","1872.4","221.8","42.2","10.9","15.8","6.1"
"AR000087860","COMODORO RIVADAVIA, AR","1977-10","4.5","4.5","5","2","0","0","0","11","0","1.0","18.0","27.6","2030.9","158.5","24.9","13.4","18.6","8.2"
"AR000087860","COMODORO RIVADAVIA, AR","1977-11","15.2","10.7","0","0","0","0","0","15","0","2.4","0.0","30.4","2132.5","101.6","0.0","15.3","21.1","9.5"
"AR000087860","COMODORO RIVADAVIA, AR","1977-12","72.4","57.2","3","1","0","0","0","24","1","4.1","51.1","36.1","2178.2","45.7","53.6","18.7","25.4","11.9"
"AR000087860","COMODORO RIVADAVIA, AR","1978-01","132.8","60.4","1","0","0","0","0","26","1","8.2","0.5","35.7","24.4","24.4","0.5","19.5","25.6","13.4"
"AR000087860","COMODORO RIVADAVIA, AR","1978-02","177.2","44.4","4","2","0","0","0","20","0","4.1","6.1","31.5","52.1","27.7","12.0","18.9","24.7","13.1"
"AR000087860","COMODORO RIVADAVIA, AR","1978-03","203.4","26.2","2","1","0","0","0","20","1","5.6","3.0","37.3","113.5","61.4","3.5","17.2","23.1","11.3"
"AR000087860","COMODORO RIVADAVIA, AR","1978-04","211.6","8.2","2","1","0","0","0","7","0","1.7","3.0","26.7","253.3","139.8","3.3","13.9","19.3","8.6"
"AR000087860","COMODORO RIVADAVIA, AR","1978-05","211.6","0.0","10","2","0","2","0","1","0","-0.1","22.1","21.7","531.9","278.6","48.2","9.4","13.1","5.6"
"AR000087860","COMODORO RIVADAVIA, AR","1978-06","211.6","0.0","6","3","0","4","0","0","0","-2.6","16.0","17.8","863.7","331.8","35.5","7.3","11.1","3.4"
"AR000087860","COMODORO RIVADAVIA, AR","1978-07","0.0","0.0",,,"0","6","0","0","0","-5.2",,"16.7","1218.2","354.5",,"6.9","10.3","3.5"
"AR000087860","COMODORO RIVADAVIA, AR","1978-08","0.0","0.0","2","2","0","8","0","1","0","-2.4","4.1","21.5","1533.7","315.5","7.1","8.2","13.1","3.2"
"AR000087860","COMODORO RIVADAVIA, AR","1978-09","0.0","0.0","3","2","0","2","0","1","0","-4.0","6.1","21.3","1759.6","225.9","14.2","10.8","16.0","5.6"
"AR000087860","COMODORO RIVADAVIA, AR","1978-10","0.0","0.0","3","3","0","0","0","7","0","1.8","9.9","24.2","1928.9","169.3","17.0","12.9","18.4","7.3"
"AR000087860","COMODORO RIVADAVIA, AR","1978-11","10.6","10.6",,,"0","0","0","13","0","5.0",,"30.2","2033.2","104.3",,"15.2","20.9","9.5"
"AR000087860","COMODORO RIVADAVIA, AR","1978-12","60.1","49.5","2","1","0","0","0","29","4","7.0","20.1","34.5","2055.7","22.5","21.1","19.2","25.6","12.8"
"AR000087860","COMODORO RIVADAVIA, AR","1979-01","145.3","85.2","1","0","0","0","0","28","4","6.8","2.0","35.9","16.2","16.2","2.0","20.6","26.9","14.2"
"AR000087860","COMODORO RIVADAVIA, AR","1979-02","223.8","78.5","2","2","0","0","0","25","4","7.0","3.0","36.6","27.5","11.3","6.0","20.7","26.7","14.8"
"AR000087860","COMODORO RIVADAVIA, AR","1979-03","237.7","13.9",,,"0","0","0","19","1","1.8",,"32.4","112.2","84.7",,"16.1","22.3","9.8"
"AR000087860","COMODORO RIVADAVIA, AR","1979-04","248.3","10.6","5","4","0","0","0","13","0","1.7","7.1","27.9","226.2","114.0","22.3","14.9","20.0","9.8"
"AR000087860","COMODORO RIVADAVIA, AR","1979-05","248.3","0.0",,,"0","0","0","0","0","0.3",,"19.7","512.6","286.4",,"9.1","12.9","5.2"
"AR000087860","COMODORO RIVADAVIA, AR","1979-06","248.3","0.0",,,"0","1","0","0","0","-0.2",,"19.0","802.6","290.0",,"8.7","12.5","4.8"
"AR000087860","COMODORO RIVADAVIA, AR","1979-07","0.0","0.0","5","3","0","2","0","0","0","-2.3","25.9","18.2","1108.8","306.2","54.9","8.4","12.5","4.4"
"AR000087860","COMODORO RIVADAVIA, AR","1979-08","0.0","0.0","9","7","0","0","0","0","0","0.5","9.9","18.6","1429.4","320.6","51.7","8.0","12.4","3.6"
"AR000087860","COMODORO RIVADAVIA, AR","1979-09","0.0","0.0","0","0","0","3","0","2","0","-1.8","0.0","21.9","1706.3","276.9","0.0","9.1","14.1","4.1"
"AR000087860","COMODORO RIVADAVIA, AR","1979-10","0.0","0.0","4","3","0","0","0","4","0","0.9","7.1","24.4","1910.0","203.7","18.3","11.8","17.6","6.0"
"AR000087860","COMODORO RIVADAVIA, AR","1979-11","7.8","7.8","2","1","0","0","0","11","0","2.0","4.1","31.2","2052.7","142.7","6.1","13.8","19.4","8.3"
"AR000087860","COMODORO RIVADAVIA, AR","1979-12","58.7","50.9","4","2","0","0","0","25","4","5.7","7.1","35.4","2089.2","36.5","16.2","18.8","25.2","12.4"
"AR000087860","COMODORO RIVADAVIA, AR","1980-01","158.7","100.0","5","0","0","0","0","27","5","5.9","2.0","35.6","22.8","22.8","4.8","20.8","27.0","14.7"
"AR000087860","COMODORO RIVADAVIA, AR","1980-02","193.7","35.0","3","0","0","0","0","24","0","5.2","2.0","31.9","56.5","33.7","3.5","18.4","24.2","12.5"
"AR000087860","COMODORO RIVADAVIA, AR","1980-03","212.6","18.9",,,"0","0","0","23","0","4.6",,"30.8","102.9","46.4",,"17.4","23.4","11.4"
"AR000087860","COMODORO RIVADAVIA, AR","1980-04","217.6","5.0","8","6","0","0","0","4","0","0.9","59.9","28.1","351.8","248.9","119.4","10.2","14.1","6.3"
"AR000087860","COMODORO RIVADAVIA, AR","1980-05","217.6","0.0",,,"0","0","0","0","0","2.8",,"18.8","598.9","247.1",,"10.4","14.1","6.6"
"AR000087860","COMODORO RIVADAVIA, AR","1980-06","217.6","0.0","2","1","0","5","0","0","0","-2.2","4.1","18.0","925.4","326.5","6.1","7.4","11.2","3.7"
"AR000087860","COMODORO RIVADAVIA, AR","1980-07","0.0","0.0","7","5","0","10","0","0","0","-3.8","17.0","15.0","1315.3","389.9","36.8","5.8","9.6","1.9"
"AR000087860","COMODORO RIVADAVIA, AR","1980-08","0.0","0.0","5","4","0","4","0","0","0","-0.9","7.1","18.5","1612.0","296.7","23.4","8.8","13.1","4.4"
"AR000087860","COMODORO RIVADAVIA, AR","1980-09","0.0","0.0","2","1","0","1","0","3","0","-1.8","5.1","23.0","1826.1","214.1","7.1","11.2","16.7","5.7"
"AR000087860","COMODORO RIVADAVIA, AR","1980-10","0.0","0.0","1","1","0","0","0","13","0","1.2","8.9","25.9","1976.8","150.7","8.9","13.5","19.6","7.4"
"AR000087860","COMODORO RIVADAVIA, AR","1980-11","10.3","10.3","1","1","0","0","0","17","0","3.5","15.0","30.4","2069.6","92.8","15.0","15.6","21.9","9.3"
"AR000087860","COMODORO RIVADAVIA, AR","1980-12","43.6","33.3","6","4","0","0","0","23","0","5.8","8.9","31.2","2122.7","53.1","29.7","17.7","23.5","11.9"
"AR000087860","COMODORO RIVADAVIA, AR","1981-01","92.4","48.8","7","2","0","0","0","22","0","7.1","20.1","31.6","41.2","41.2","29.7","18.6","24.4","12.7"
"AR000087860","COMODORO RIVADAVIA, AR","1981-02","144.3","51.9","1","1","0","0","0","26","1","5.8","13.0","32.3","51.0","9.8","13.0","19.8","26.4","13.3"
"AR000087860","COMODORO RIVADAVIA, AR","1981-03","158.6","14.3","2","1","0","0","0","15","1","0.3","4.1","32.6","163.0","112.0","4.6","15.2","20.9","9.4"
"AR000087860","COMODORO RIVADAVIA, AR","1981-04","161.5","2.9","3","1","0","0","0","9","0","3.8","29.0","27.2","322.4","159.4","30.3","13.1","17.8","8.5"
"AR000087860","COMODORO RIVADAVIA, AR","1981-05","161.5","0.0","5","2","0","4","0","1","0","-2.1","5.1","21.1","571.2","248.8","13.1","10.3","14.4","6.2"
"AR000087860","COMODORO RIVADAVIA, AR","1981-06","161.5","0.0",,,"0","2","0","0","0","-1.9",,"18.4","914.2","343.0",,"6.9","10.1","3.7"
"AR000087860","COMODORO RIVADAVIA, AR","1981-07","0.0","0.0","1","0","0","4","0","0","0","-4.2","2.0","19.2","1225.2","311.0","2.0","8.3","12.1","4.5"
"AR000087860","COMODORO RIVADAVIA, AR","1981-08","0.0","0.0",,,"0","5","0","2","0","-4.2",,"21.9","1512.5","287.3",,"9.1","14.0","4.1"
"AR000087860","COMODORO RIVADAVIA, AR","1981-09","0.0","0.0",,,"0","2","0","3","0","-0.6",,"23.0","1760.9","248.4",,"10.1","14.9","5.2"
"AR000087860","COMODORO RIVADAVIA, AR","1981-10","1.5","1.5","3","1","0","1","0","15","0","-0.3","16.0","25.5","1908.0","147.1","18.0","13.6","19.4","7.9"
"AR000087860","COMODORO RIVADAVIA, AR","1981-11","9.5","8.0",,,"0","0","0","16","0","0.2",,"30.0","2005.3","97.3",,"15.4","21.4","9.3"
"AR000087860","COMODORO RIVADAVIA, AR","1981-12","33.4","23.9",,,"0","0","0","24","0","6.5",,"29.9","2054.5","49.2",,"17.5","23.6","11.5"
"AR000087860","COMODORO RIVADAVIA, AR","1982-01","133.7","100.3",,,"0","0","0","30","4","8.8",,"35.8","10.2","10.2",,"21.2","27.4","15.1"
"AR000087860","COMODORO RIVADAVIA, AR","1982-02","184.7","51.0",,,"0","0","0","24","2","7.5",,"35.8","33.8","23.6",,"19.3","25.6","13.0"
"AR000087860","COMODORO RIVADAVIA, AR","1982-03","221.5","36.8",,,"0","0","0","20","3","4.0",,"34.1","105.8","72.0",,"17.2","22.9","11.5"
"AR000087860","COMODORO RIVADAVIA, AR","1982-04","223.4","1.9",,,"0","0","0","15","0","2.8",,"27.7","225.7","119.9",,"14.4","20.5","8.3"
"AR000087860","COMODORO RIVADAVIA, AR","1982-05","223.4","0.0",,,"0","0","0","0","0","2.0",,"20.7","435.7","210.0",,"11.6","15.4","7.7"
"AR000087860","COMODORO RIVADAVIA, AR","1982-06","223.4","0.0",,,"0","13","0","0","0","-8.2",,"16.5","844.7","409.0",,"4.7","8.4","1.0"
"AR000087860","COMODORO RIVADAVIA, AR","1982-07","0.0","0.0",,,"0","20","1","0","0","-5.5",,"14.6","1307.6","462.9",,"3.4","7.1","-0.3"
"AR000087860","COMODORO RIVADAVIA, AR","1982-08","0.0","0.0",,,"0","2","0","0","0","-1.2",,"18.8","1636.1","328.5",,"7.7","11.9","3.6"
"AR000087860","COMODORO RIVADAVIA, AR","1982-09","0.0","0.0",,,"0","1","0","1","0","-0.8",,"24.8","1901.2","265.1",,"9.5","14.4","4.6"
"AR000087860","COMODORO RIVADAVIA, AR","1982-10","0.3","0.3",,,"0","0","0","6","0","2.7",,"23.4","2087.8","186.6",,"12.3","17.5","7.2"
"AR000087860","COMODORO RIVADAVIA, AR","1982-11","11.3","11.0",,,"0","0","0","14","0","2.3",,"31.7","2201.1","113.3",,"14.9","20.5","9.3"
"AR000087860","COMODORO RIVADAVIA, AR","1982-12","81.2","69.9",,,"0","0","0","26","0","7.0",,"31.7","2226.0","24.9",,"19.8","26.2","13.3"
"AR000087860","COMODORO RIVADAVIA, AR","1983-01","176.0","94.8","3","2","0","0","0","30","3","8.3","11.9","34.1","12.2","12.2","20.6","21.0","27.1","14.9"
"AR000087860","COMODORO RIVADAVIA, AR","1983-02","238.1","62.1",,,"0","0","0","22","1","4.6",,"33.6","48.1","35.9",,"19.3","24.8","13.7"
"AR000087860","COMODORO RIVADAVIA, AR","1983-03","244.6","6.5",,,"0","0","0","18","0","4.4",,"28.2","122.3","74.2",,"16.1","21.4","10.9"
"AR000087860","COMODORO RIVADAVIA, AR","1983-04","250.0","5.4",,,"0","0","0","5","0","3.2",,"25.5","273.3","151.0",,"13.5","17.6","9.4"
"AR000087860","COMODORO RIVADAVIA, AR","1983-05","250.0","0.0",,,"0","0","0","0","0","0.9",,"20.1","525.8","252.5",,"10.2","14.1","6.3"
"AR000087860","COMODORO RIVADAVIA, AR","1983-06","250.0","0.0",,,"0","6","0","0","0","-4.0",,"15.1","881.7","355.9",,"6.5","10.3","2.6"
"AR000087860","COMODORO RIVADAVIA, AR","1983-07","0.0","0.0",,,"0","5","0","0","0","-2.3",,"20.5","1210.8","329.1",,"7.7","11.6","3.8"
"AR000087860","COMODORO RIVADAVIA, AR","1983-08","0.0","0.0","5","0","0","7","0","0","0","-3.4","2.0","18.0","1533.1","322.3","8.8","7.9","12.9","3.0"
"AR000087860","COMODORO RIVADAVIA, AR","1983-09","0.0","0.0",,,"0","2","0","1","0","-1.2",,"22.6","1787.0","253.9",,"9.9","15.1","4.6"
"AR000087860","COMODORO RIVADAVIA, AR","1983-10","0.0","0.0",,,"0","1","0","8","0","-0.1",,"25.7","1963.0","176.0",,"12.6","18.6","6.7"
"AR000087860","COMODORO RIVADAVIA, AR","1983-11","40.4","40.4",,,"0","0","0","23","2","7.0",,"34.3","2002.4","39.4",,"18.4","24.8","12.0"
"AR000087860","COMODORO RIVADAVIA, AR","1983-12","110.3","69.9",,,"0","0","0","28","1","3.5",,"34.8","2020.3","17.9",,"20.0","25.8","14.3"
"AR000087860","COMODORO RIVADAVIA, AR","1984-01","206.9","96.6",,,"0","0","0","29","5","8.7",,"35.4","15.9","15.9",,"20.9","27.4","14.4"
"AR000087860","COMODORO RIVADAVIA, AR","1984-02","254.6","47.7",,,"0","0","0","23","1","6.8",,"33.5","52.2","36.3",,"18.7","24.5","12.9"
"AR000087860","COMODORO RIVADAVIA, AR","1984-03","267.9","13.3",,,"0","0","0","16","0","4.0",,"30.5","157.2","105.0",,"15.4","20.6","10.1"
"AR000087860","COMODORO RIVADAVIA, AR","1984-04","273.6","5.7",,,"0","0","0","5","0","1.8",,"27.7","305.5","148.3",,"13.6","18.6","8.6"
"AR000087860","COMODORO RIVADAVIA, AR","1984-05","273.6","0.0",,,"0","6","0","0","0","-4.4",,"18.1","676.8","371.3",,"6.4","9.8","2.9"
"AR000087860","COMODORO RIVADAVIA, AR","1984-06","273.6","0.0",,,"0","16","1","0","0","-5.6",,"16.5","1114.6","437.8",,"3.7","7.1","0.4"
"AR000087860","COMODORO RIVADAVIA, AR","1984-07","0.0","0.0",,,"0","11","0","0","0","-5.0",,"12.1","1565.5","450.9",,"3.8","7.0","0.6"
"AR000087860","COMODORO RIVADAVIA, AR","1984-08","0.0","0.0",,,"0","6","0","0","0","-5.0",,"19.7","1911.9","346.4",,"7.2","11.6","2.8"
"AR000087860","COMODORO RIVADAVIA, AR","1984-09","0.0","0.0",,,"0","0","0","1","0","0.2",,"23.0","2145.5","233.6",,"10.6","15.4","5.6"
"AR000087860","COMODORO RIVADAVIA, AR","1984-10","1.2","1.2",,,"0","0","0","7","0","1.6",,"25.5","2296.9","151.4",,"13.5","18.8","8.2"
"AR000087860","COMODORO RIVADAVIA, AR","1984-11","24.3","23.1",,,"0","0","0","17","1","3.8",,"32.8","2395.3","98.4",,"15.8","21.6","10.0"
"AR000087860","COMODORO RIVADAVIA, AR","1984-12","39.1","14.8",,,"0","0","0","14","1","6.2",,"33.1","2478.1","82.8",,"16.1","21.6","10.7"
"AR000087860","COMODORO RIVADAVIA, AR","1985-01","114.7","75.6",,,"0","0","0","29","3","10.6",,"37.5","12.8","12.8",,"20.4","26.4","14.4"
"AR000087860","COMODORO RIVADAVIA, AR","1985-02","162.2","47.5",,,"0","0","0","27","0","8.0",,"30.7","27.6","14.8",,"19.5","25.3","13.7"
"AR000087860","COMODORO RIVADAVIA, AR","1985-03","189.4","27.2",,,"0","0","0","15","2","1.4",,"34.2","128.7","101.1",,"15.9","21.5","10.4"
"AR000087860","COMODORO RIVADAVIA, AR","1985-04","195.9","6.5",,,"0","0","0","5","0","1.7",,"26.3","303.9","175.2",,"12.7","17.3","8.2"
"AR000087860","COMODORO RIVADAVIA, AR","1985-05","195.9","0.0",,,"0","1","0","0","0","-1.3",,"20.2","563.1","259.2",,"10.0","13.8","6.2"
"AR000087860","COMODORO RIVADAVIA, AR","1985-06","195.9","0.0",,,"0","2","0","0","0","-1.7",,"16.6","899.4","336.3",,"7.1","10.3","3.9"
"AR000087860","COMODORO RIVADAVIA, AR","1985-07","0.0","0.0",,,"0","6","0","0","0","-1.7",,"18.4","1233.5","334.1",,"7.6","11.4","3.7"
"AR000087860","COMODORO RIVADAVIA, AR","1985-08","0.0","0.0",,,"0","2","0","0","0","-3.3",,"19.4","1527.4","293.9",,"8.9","13.9","3.8"
"AR000087860","COMODORO RIVADAVIA, AR","1985-09","0.0","0.0",,,"0","3","0","5","0","-2.0",,"22.7","1722.2","194.8",,"11.8","17.1","6.6"
"AR000087860","COMODORO RIVADAVIA, AR","1985-10","0.8","0.8",,,"0","0","0","5","0","2.6",,"25.1","1934.7","212.5",,"11.5","16.2","6.8"
"AR000087860","COMODORO RIVADAVIA, AR","1985-11","19.6","18.8",,,"0","0","0","18","1","3.8",,"32.3","1998.7","64.0",,"16.8","23.2","10.5"
"AR000087860","COMODORO RIVADAVIA, AR","1985-12","72.6","53.0",,,"0","0","0","25","2","8.5",,"34.0","2021.7","23.0",,"19.3","25.4","13.2"
"AR000087860","COMODORO RIVADAVIA, AR","1986-01","134.9","62.3",,,"0","0","0","27","0","8.0",,"32.1","22.0","22.0",,"19.6","25.3","13.9"
"AR000087860","COMODORO RIVADAVIA, AR","1986-02","188.9","54.0",,,"0","0","0","20","0","6.8",,"30.7","57.7","35.7",,"19.0","24.5","13.5"
"AR000087860","COMODORO RIVADAVIA, AR","1986-03","194.7","5.8",,,"0","0","0","15","0","3.5",,"30.4","158.9","101.2",,"15.3","20.8","9.7"
"AR000087860","COMODORO RIVADAVIA, AR","1986-04","195.7","1.0",,,"0","0","0","4","0","0.5",,"26.4","355.3","196.4",,"11.8","17.0","6.7"
"AR000087860","COMODORO RIVADAVIA, AR","1986-05","195.7","0.0",,,"0","5","0","1","0","-4.6",,"22.7","648.7","293.4",,"8.9","12.9","4.9"
"AR000087860","COMODORO RIVADAVIA, AR","1986-06","195.7","0.0",,,"0","6","0","0","0","-2.7",,"16.7","986.7","338.0",,"6.7","10.6","2.7"
"AR000087860","COMODORO RIVADAVIA, AR","1986-07","0.0","0.0",,,"0","6","0","0","0","-5.3",,"19.2","1310.6","323.9",,"7.9","12.4","3.3"
"AR000087860","COMODORO RIVADAVIA, AR","1986-08","0.0","0.0",,,"0","3","0","1","0","-3.2",,"21.5","1621.7","311.1",,"8.3","13.0","3.6"
"AR000087860","COMODORO RIVADAVIA, AR","1986-09","2.9","2.9",,,"0","5","0","5","0","-1.7",,"28.7","1870.4","248.7",,"10.1","15.4","4.9"
"AR000087860","COMODORO RIVADAVIA, AR","1986-10","6.0","3.1",,,"0","0","0","6","0","1.9",,"28.7","2060.1","189.7",,"12.3","17.3","7.3"
"AR000087860","COMODORO RIVADAVIA, AR","1986-11","14.0","8.0",,,"0","0","0","13","0","2.9",,"28.3","2152.5","92.4",,"15.5","21.0","10.0"
"AR000087860","COMODORO RIVADAVIA, AR","1986-12","51.0","37.0",,,"0","0","0","25","1","7.2",,"33.5","2188.0","35.5",,"18.4","24.8","11.9"
"AR000087860","COMODORO RIVADAVIA, AR","1987-01","132.7","81.7",,,"0","0","0","30","5","6.1",,"35.0","12.9","12.9",,"20.6","27.1","14.0"
"AR000087860","COMODORO RIVADAVIA, AR","1987-02","192.9","60.2",,,"0","0","0","23","2","7.1",,"32.6","47.8","34.9",,"19.2","25.4","13.0"
"AR000087860","COMODORO RIVADAVIA, AR","1987-03","223.3","30.4",,,"0","0","0","24","0","5.1",,"30.8","100.6","52.8",,"17.6","23.1","12.1"
"AR000087860","COMODORO RIVADAVIA, AR","1987-04","232.9","9.6",,,"0","0","0","9","0","2.6",,"27.6","225.4","124.8",,"14.5","19.3","9.7"
"AR000087860","COMODORO RIVADAVIA, AR","1987-05","232.9","0.0",,,"0","1","0","0","0","-0.4",,"19.0","493.4","268.0",,"9.7","14.0","5.4"
"AR000087860","COMODORO RIVADAVIA, AR","1987-06","232.9","0.0",,,"0","2","0","1","0","-0.1",,"22.3","761.0","267.6",,"9.4","13.4","5.4"
"AR000087860","COMODORO RIVADAVIA, AR","1987-07","0.0","0.0","11","10","0","5","0","0","0","-2.4","95.0","16.7","1130.1","369.1","178.1","6.4","9.3","3.6"
"AR000087860","COMODORO RIVADAVIA, AR","1987-08","0.0","0.0",,,"0","2","0","0","0","-2.4",,"17.4","1472.4","342.3",,"7.3","10.9","3.7"
"AR000087860","COMODORO RIVADAVIA, AR","1987-09","0.0","0.0","6","0","0","1","0","1","0","-3.0","1.0","22.7","1747.1","274.7","3.4","9.2","14.1","4.3"
"AR000087860","COMODORO RIVADAVIA, AR","1987-10","0.0","0.0",,,"0","0","0","5","0","2.2",,"23.2","1918.6","171.5",,"12.8","18.1","7.5"
"AR000087860","COMODORO RIVADAVIA, AR","1987-11","27.3","27.3",,,"0","0","0","18","0","1.8",,"30.7","2001.2","82.6",,"16.5","22.4","10.6"
"AR000087860","COMODORO RIVADAVIA, AR","1987-12","70.3","43.0",,,"0","0","0","25","1","5.6",,"33.0","2048.9","47.7",,"18.2","24.2","12.2"
"AR000087860","COMODORO RIVADAVIA, AR","1988-01","113.5","43.2","7","2","0","0","0","20","1","8.5","5.1","33.5","45.1","45.1","12.3","18.3","23.9","12.6"
"AR000087860","COMODORO RIVADAVIA, AR","1988-02","154.4","40.9","2","0","0","0","0","25","2","9.6","1.0","35.6","66.3","21.2","1.5","19.0","25.0","13.0"
"AR000087860","COMODORO RIVADAVIA, AR","1988-03","172.3","17.9",,,"0","0","0","22","0","4.6",,"30.8","125.8","59.5",,"17.0","23.0","11.0"
"AR000087860","COMODORO RIVADAVIA, AR","1988-04","172.3","0.0","11","2","0","1","0","4","0","-0.1","15.0","26.3","323.9","198.1","24.7","11.7","16.9","6.5"
"AR000087860","COMODORO RIVADAVIA, AR","1988-05","172.3","0.0",,,"0","0","0","0","0","0.2",,"20.3","577.0","253.1",,"10.2","14.5","5.9"
"AR000087860","COMODORO RIVADAVIA, AR","1988-06","172.3","0.0",,,"0","1","0","0","0","0.0",,"18.7","840.9","263.9",,"8.5","11.9","5.1"
"AR000087860","COMODORO RIVADAVIA, AR","1988-07","0.0","0.0",,,"0","10","0","0","0","-4.8",,"19.5","1188.4","347.5",,"7.1","11.8","2.5"
"AR000087860","COMODORO RIVADAVIA, AR","1988-08","0.0","0.0","11","5","0","8","0","0","0","-2.5","130.0","15.2","1575.8","387.4","167.1","5.8","10.0","1.7"
"AR000087860","COMODORO RIVADAVIA, AR","1988-09","0.0","0.0",,,"0","2","0","2","0","-0.6",,"23.6","1813.8","238.0",,"10.4","16.2","4.6"
"AR000087860","COMODORO RIVADAVIA, AR","1988-10","0.3","0.3",,,"0","1","0","5","0","-0.3",,"24.5","2015.4","201.6",,"11.8","17.5","6.1"
"AR000087860","COMODORO RIVADAVIA, AR","1988-11","26.1","25.8",,,"0","0","0","25","0","6.3",,"30.7","2054.1","38.7",,"17.9","23.9","11.9"
"AR000087860","COMODORO RIVADAVIA, AR","1988-12","58.6","32.5",,,"0","0","0","25","1","7.5",,"32.3","2094.5","40.4",,"18.1","24.4","11.8"
"AR000087860","COMODORO RIVADAVIA, AR","1989-01","116.3","57.7",,,"0","0","0","27","3","8.0",,"36.5","24.0","24.0",,"19.4","25.8","13.0"
"AR000087860","COMODORO RIVADAVIA, AR","1989-02",,,,,"0","0",,,,"8.7",,,,,,,,"13.7"
"AR000087860","COMODORO RIVADAVIA, AR","1989-03",,"19.4",,,"0","0","0","19","0","3.9",,"29.5",,"75.2",,"16.5","21.9","11.1"
"AR000087860","COMODORO RIVADAVIA, AR","1989-04",,"3.1",,,"0","0","0","8","0","1.5",,"26.7",,"147.8",,"13.5","18.6","8.5"
"AR000087860","COMODORO RIVADAVIA, AR","1989-05",,"0.0",,,"0","0","0","1","0","0.1",,"23.3",,"244.5",,"10.4","15.3","5.6"
"AR000087860","COMODORO RIVADAVIA, AR","1989-06",,"0.0",,,"0","4","0","0","0","-3.8",,"17.0",,"324.1",,"7.5","11.6","3.5"
"AR000087860","COMODORO RIVADAVIA, AR","1989-07","0.0","0.0",,,"0","7","0","0","0","-3.8",,"18.1",,"353.4",,"6.9","11.8","2.0"
"AR000087860","COMODORO RIVADAVIA, AR","1989-08","0.0","0.0",,,"0","2","0","0","0","-1.8",,"18.9",,"334.6",,"7.5","12.0","3.1"
"AR000087860","COMODORO RIVADAVIA, AR","1989-09","0.0","0.0",,,"0","5","0","2","0","-1.0",,"21.9",,"263.0",,"9.6","15.3","3.8"
"AR000087860","COMODORO RIVADAVIA, AR","1989-10","0.5","0.5",,,"0","0","0","15","0","2.6",,"29.6",,"129.4",,"14.2","20.4","7.9"
"AR000087860","COMODORO RIVADAVIA, AR","1989-11","21.1","20.6",,,"0","0","0","20","0","4.5",,"29.2",,"49.4",,"17.4","23.3","11.4"
"AR000087860","COMODORO RIVADAVIA, AR","1989-12","73.8","52.7",,,"0","0","0","28","1","7.7",,"32.4",,"28.3",,"19.1","25.4","12.8"
"AR000087860","COMODORO RIVADAVIA, AR","1990-01","124.0","50.2",,,"0","0","0","28","1","7.9",,"35.4","23.0","23.0",,"19.2","25.2","13.2"
"AR000087860","COMODORO RIVADAVIA, AR","1990-02","169.3","45.3",,,"0","0","0","24","2","8.4",,"34.7","38.5","15.5",,"19.4","25.6","13.2"
"AR000087860","COMODORO RIVADAVIA, AR","1990-03","184.9","15.6",,,"0","0","0","22","1","1.8",,"32.4","96.6","58.1",,"17.0","23.0","10.9"
"AR000087860","COMODORO RIVADAVIA, AR","1990-04","184.9","0.0",,,"0","0","0","2","0","0.7",,"21.4","294.4","197.8",,"11.7","16.6","6.9"
"AR000087860","COMODORO RIVADAVIA, AR","1990-05","184.9","0.0",,,"0","0","0","0","0","1.0",,"20.2","550.5","256.1",,"10.1","14.4","5.8"
"AR000087860","COMODORO RIVADAVIA, AR","1990-06","184.9","0.0",,,"0","4","0","1","0","-2.6",,"21.4","823.2","272.7",,"9.2","13.8","4.7"
"AR000087860","COMODORO RIVADAVIA, AR","1990-07","0.0","0.0",,,"0","7","0","3","0","-3.4",,"22.8","1109.8","286.6",,"9.1","13.7","4.4"
"AR000087860","COMODORO RIVADAVIA, AR","1990-08","0.0","0.0",,,"0","8","0","0","0","-3.4",,"20.7","1392.2","282.4",,"9.2","14.6","3.8"
"AR000087860","COMODORO RIVADAVIA, AR","1990-09","1.6","1.6",,,"0","1","0","2","0","-0.9",,"25.4","1639.0","246.8",,"10.2","15.0","5.4"
"AR000087860","COMODORO RIVADAVIA, AR","1990-10","8.1","6.5",,,"0","0","0","15","0","0.8",,"30.2","1744.8","105.8",,"15.1","21.2","9.0"
"AR000087860","COMODORO RIVADAVIA, AR","1990-11","39.2","31.1",,,"0","0","0","18","1","4.6",,"33.2","1819.8","75.0",,"16.9","23.4","10.3"
"AR000087860","COMODORO RIVADAVIA, AR","1990-12","90.4","51.2",,,"0","0","0","23","2","3.2",,"33.9","1868.0","48.2",,"18.4","24.6","12.2"
"AR000087860","COMODORO RIVADAVIA, AR","1991-01","187.3","96.9",,,"0","0","0","28","6","9.3",,"35.6","19.5","19.5",,"20.8","27.5","14.2"
"AR000087860","COMODORO RIVADAVIA, AR","1991-02","248.7","61.4",,,"0","0","0","24","1","7.9",,"36.5","42.0","22.5",,"19.7","25.7","13.8"
"AR000087860","COMODORO RIVADAVIA, AR","1991-03","280.2","31.5",,,"0","0","0","18","1","4.4",,"32.4","123.0","81.0",,"16.7","22.7","10.8"
"AR000087860","COMODORO RIVADAVIA, AR","1991-04","286.3","6.1",,,"0","0","0","8","0","2.7",,"30.8","266.3","143.3",,"13.8","19.0","8.5"
"AR000087860","COMODORO RIVADAVIA, AR","1991-05","287.0","0.7","3","1","0","4","0","4","0","-1.2","3.0","24.5","505.8","239.5","5.3","10.6","15.6","5.6"
"AR000087860","COMODORO RIVADAVIA, AR","1991-06","287.0","0.0",,,"0","11","0","0","0","-3.4",,"16.4","885.8","380.0",,"5.7","9.5","1.8"
"AR000087860","COMODORO RIVADAVIA, AR","1991-07","0.0","0.0",,,"0","9","0","0","0","-4.7",,"15.2","1287.8","402.0",,"5.4","9.1","1.7"
"AR000087860","COMODORO RIVADAVIA, AR","1991-08","0.0","0.0",,,"0","6","0","0","0","-2.3",,"18.5","1618.1","330.3",,"7.7","11.9","3.4"
"AR000087860","COMODORO RIVADAVIA, AR","1991-09","0.0","0.0",,,"0","0","0","0","0","0.8",,"20.9","1863.7","245.6",,"10.1","14.6","5.7"
"AR000087860","COMODORO RIVADAVIA, AR","1991-10","2.7","2.7",,,"0","2","0","8","0","-1.2",,"29.6","2066.0","202.3",,"11.9","17.4","6.4"
"AR000087860","COMODORO RIVADAVIA, AR","1991-11","14.7","12.0",,,"0","0","0","20","0","4.6",,"28.6","2131.3","65.3",,"16.6","22.3","10.8"
"AR000087860","COMODORO RIVADAVIA, AR","1991-12","33.4","18.7",,,"0","0","0","15","0","4.6",,"30.3","2230.6","99.3",,"15.7","21.1","10.4"
"AR000087860","COMODORO RIVADAVIA, AR","1992-01","141.2","107.8",,,"0","0","0","27","3","7.7",,"37.4","14.3","14.3",,"21.4","27.5","15.2"
"AR000087860","COMODORO RIVADAVIA, AR","1992-02","182.4","41.2",,,"0","0","0","23","1","4.9",,"33.5","49.0","34.7",,"18.6","24.1","13.0"
"AR000087860","COMODORO RIVADAVIA, AR","1992-03","206.4","24.0",,,"0","0","0","20","0","0.3",,"30.6","108.6","59.6",,"17.2","22.6","11.7"
"AR000087860","COMODORO RIVADAVIA, AR","1992-04","210.5","4.1","5","4","0","0","0","12","0","1.0","48.0","26.2","256.5","147.9","66.3","13.5","17.9","9.1"
"AR000087860","COMODORO RIVADAVIA, AR","1992-05","210.5","0.0",,,"0","4","0","0","0","-1.1",,"17.4","598.1","341.6",,"7.3","10.5","4.1"
"AR000087860","COMODORO RIVADAVIA, AR","1992-06","210.5","0.0",,,"0","9","0","0","0","-1.7",,"13.9","992.3","394.2",,"5.2","8.8","1.6"
"AR000087860","COMODORO RIVADAVIA, AR","1992-07","0.0","0.0",,,"0","18","0","0","0","-5.3",,"13.2","1430.3","438.0",,"4.2","8.1","0.3"
"AR000087860","COMODORO RIVADAVIA, AR","1992-08","0.0","0.0",,,"0","3","0","1","0","-2.9",,"21.1","1719.5","289.2",,"9.0","13.6","4.4"
"AR000087860","COMODORO RIVADAVIA, AR","1992-09","0.0","0.0",,,"0","2","0","5","0","-2.3",,"22.8","1961.3","241.8",,"10.3","15.8","4.8"
"AR000087860","COMODORO RIVADAVIA, AR","1992-10","0.0","0.0","4","2","0","0","0","5","0","2.5","5.1","23.7","2120.4","159.1","9.2","12.8","18.5","7.1"
"AR000087860","COMODORO RIVADAVIA, AR","1992-11","16.6","16.6","11","4","0","0","0","11","1","2.8","9.9","33.2","2255.7","135.3","27.9","14.4","19.8","8.9"
"AR000087860","COMODORO RIVADAVIA, AR","1992-12","36.9","20.3","7","0","0","0","0","23","0","5.1","2.0","30.0","2310.0","54.3","7.6","17.2","23.2","11.3"
"AR000087860","COMODORO RIVADAVIA, AR","1993-01","80.7","43.8",,,"0","0","0","27","1","8.3",,"34.4","18.5","18.5",,"19.1","25.3","13.0"
"AR000087860","COMODORO RIVADAVIA, AR","1993-02","160.0","79.3",,,"0","0","0","22","4","7.3",,"33.6","37.2","18.7",,"20.5","26.4","14.6"
"AR000087860","COMODORO RIVADAVIA, AR","1993-03","185.3","25.3",,,"0","0","0","20","0","6.1",,"31.1","91.3","54.1",,"17.4","22.6","12.2"
"AR000087860","COMODORO RIVADAVIA, AR","1993-04","186.5","1.2","1","1","0","0","0","6","0","2.4","32.0","23.1","255.8","164.5","32.0","12.9","18.2","7.6"
"AR000087860","COMODORO RIVADAVIA, AR","1993-05","186.5","0.0",,,"0","5","0","1","0","-3.9",,"22.4","551.9","296.1",,"8.8","13.4","4.1"
"AR000087860","COMODORO RIVADAVIA, AR","1993-06","186.5","0.0",,,"0","9","0","0","0","-2.6",,"16.5","926.8","374.9",,"5.8","10.0","1.6"
"AR000087860","COMODORO RIVADAVIA, AR","1993-07","0.0","0.0",,,"0","9","0","0","0","-6.1",,"19.1","1282.3","355.5",,"6.9","11.6","2.2"
"AR000087860","COMODORO RIVADAVIA, AR","1993-08","0.0","0.0","2","0","0","0","0","1","0","0.9","1.0","21.2","1518.5","236.2","1.8","10.7","15.4","6.0"
"AR000087860","COMODORO RIVADAVIA, AR","1993-09","0.0","0.0","4","1","0","0","0","3","0","1.3","3.0","23.0","1730.4","211.9","4.1","11.3","16.6","5.9"
"AR000087860","COMODORO RIVADAVIA, AR","1993-10","7.4","7.4",,,"0","0","0","16","0","0.6",,"27.7","1868.7","138.3",,"14.1","19.7","8.6"
"AR000087860","COMODORO RIVADAVIA, AR","1993-11","28.4","21.0",,,"0","0","0","20","0","5.1",,"30.8","1932.9","64.2",,"16.9","23.0","10.8"
"AR000087860","COMODORO RIVADAVIA, AR","1993-12","74.1","45.7","3","1","0","0","0","28","2","3.9","3.0","34.5","1970.9","38.0","7.0","18.6","25.4","11.7"
"AR000087860","COMODORO RIVADAVIA, AR","1994-01","145.3","71.2",,,"0","0","0","26","4","9.4",,"35.2","18.3","18.3",,"20.0","26.1","14.0"
"AR000087860","COMODORO RIVADAVIA, AR","1994-02","182.5","37.2",,,"0","0","0","23","1","6.2",,"32.7","52.6","34.3",,"18.4","24.9","12.0"
"AR000087860","COMODORO RIVADAVIA, AR","1994-03","206.1","23.6","4","2","0","0","0","15","1","3.2","13.0","34.6","133.3","80.7","24.4","16.5","22.6","10.4"
"AR000087860","COMODORO RIVADAVIA, AR","1994-04","207.3","1.2","5","3","0","0","0","8","0","0.6","13.0","24.1","285.9","152.6","28.8","13.3","18.1","8.5"
"AR000087860","COMODORO RIVADAVIA, AR","1994-05","207.7","0.4","10","7","0","2","0","4","0","-0.6","25.9","23.6","544.3","258.4","79.3","10.0","13.9","6.1"
"AR000087860","COMODORO RIVADAVIA, AR","1994-06","207.7","0.0","10","5","0","5","0","0","0","-2.1","89.9","16.5","872.2","327.9","108.9","7.4","11.1","3.7"
"AR000087860","COMODORO RIVADAVIA, AR","1994-07","0.0","0.0","10","4","0","5","0","0","0","-3.0","5.1","15.6","1251.8","379.6","20.6","6.1","10.1","2.1"
"AR000087860","COMODORO RIVADAVIA, AR","1994-08","0.0","0.0","2","0","0","4","0","0","0","-3.6","1.0","17.3","1562.5","310.7","1.5","8.3","13.1","3.5"
"AR000087860","COMODORO RIVADAVIA, AR","1994-09","0.0","0.0","3","1","0","3","0","3","0","-0.6","3.0","22.0","1799.3","236.8","7.0","10.4","15.8","5.1"
"AR000087860","COMODORO RIVADAVIA, AR","1994-10","0.0","0.0","4","1","0","1","0","5","0","-0.2","3.0","26.9","2016.3","217.0","7.0","11.3","17.5","5.2"
"AR000087860","COMODORO RIVADAVIA, AR","1994-11","4.4","4.4",,,"0","0","0","15","1","2.4",,"32.2","2102.2","85.9",,"15.6","21.6","9.7"
"AR000087860","COMODORO RIVADAVIA, AR","1994-12","55.2","50.8","5","1","0","0","0","25","2","8.1","5.1","35.6","2132.6","30.4","9.4","19.0","24.9","13.1"
"AR000087860","COMODORO RIVADAVIA, AR","1995-01","86.7","31.5","6","4","0","0","0","22","0","5.9","7.1","29.4","51.7","51.7","18.3","17.7","23.3","12.0"
"AR000087860","COMODORO RIVADAVIA, AR","1995-02","125.3","38.6","3","1","0","0","0","18","3","5.5","5.1","35.4","112.6","60.9","8.1","17.5","23.7","11.4"
"AR000087860","COMODORO RIVADAVIA, AR","1995-03","152.7","27.4","11","4","0","0","0","18","0","2.1","37.1","31.4","217.0","104.4","61.4","15.9","21.9","9.8"
"AR000087860","COMODORO RIVADAVIA, AR","1995-04","152.7","0.0","5","0","0","0","0","6","0","1.6","2.0","23.9","355.5","138.5","4.4","13.7","18.8","8.7"
"AR000087860","COMODORO RIVADAVIA, AR","1995-05","152.7","0.0","6","2","0","2","0","0","0","-3.1","7.1","20.0","596.9","241.4","14.4","10.6","14.9","6.1"
"AR000087860","COMODORO RIVADAVIA, AR","1995-06","152.7","0.0","8","3","0","14","0","0","0","-6.2","15.0","15.6","1003.6","406.7","26.2","4.8","8.9","0.7"
"AR000087860","COMODORO RIVADAVIA, AR","1995-07","0.0","0.0","7","2","0","10","0","0","0","-7.1","5.1","18.0","1427.8","424.2","11.1","4.6","8.4","0.9"
"AR000087860","COMODORO RIVADAVIA, AR","1995-08","0.0","0.0",,,"0","11","0","0","0","-5.1",,"17.3","1817.9","390.1",,"5.8","10.3","1.2"
"AR000087860","COMODORO RIVADAVIA, AR","1995-09","0.0","0.0","1","0","0","4","0","6","0","-3.4","0.5","25.8","2041.8","223.9","0.5","10.9","16.7","5.1"
"AR000087860","COMODORO RIVADAVIA, AR","1995-10","3.2","3.2","7","4","0","0","0","8","0","0.7","9.9","28.6","2231.4","189.6","27.0","12.3","17.6","7.1"
"AR000087860","COMODORO RIVADAVIA, AR","1995-11","17.0","13.8","2","0","0","0","0","20","0","4.7","1.0","31.1","2300.2","68.8","2.0","16.5","22.6","10.4"
"AR000087860","COMODORO RIVADAVIA, AR","1995-12","107.5","90.5",,,"0","0","0","28","6","5.2",,"38.6","2318.3","18.1",,"20.7","28.1","13.3"
"AR000087860","COMODORO RIVADAVIA, AR","1996-01","138.2","30.7",,,"0","0","0","23","0","6.0",,"29.8","50.2","50.2",,"17.7","23.4","12.1"
"AR000087860","COMODORO RIVADAVIA, AR","1996-02","173.6","35.4","7","5","0","0","0","17","1","5.5","25.9","33.6","125.7","75.5","60.2","16.9","23.1","10.8"
"AR000087860","COMODORO RIVADAVIA, AR","1996-03","200.4","26.8",,,"0","0","0","19","0","3.7",,"31.9","183.0","57.3",,"17.4","23.6","11.1"
"AR000087860","COMODORO RIVADAVIA, AR","1996-04","205.7","5.3",,,"0","1","0","6","0","-0.1",,"27.7","337.4","154.4",,"13.4","18.8","7.9"
"AR000087860","COMODORO RIVADAVIA, AR","1996-05","205.7","0.0","3","1","0","0","0","4","0","2.8","4.1","21.9","517.0","179.6","5.4","12.5","17.5","7.6"
"AR000087860","COMODORO RIVADAVIA, AR","1996-06","205.9","0.2",,,"0","8","0","1","0","-4.6",,"21.1","857.8","340.8",,"7.0","11.5","2.5"
"AR000087860","COMODORO RIVADAVIA, AR","1996-07","0.0","0.0","6","2","0","4","0","1","0","-5.6","5.1","21.8","1177.8","320.0","13.7","8.0","12.4","3.6"
"AR000087860","COMODORO RIVADAVIA, AR","1996-08","0.0","0.0",,,"0","2","0","1","0","-3.0",,"22.2","1450.9","273.1",,"9.5","13.8","5.3"
"AR000087860","COMODORO RIVADAVIA, AR","1996-09","4.7","4.7",,,"0","1","0","9","0","-0.3",,"29.7","1619.7","168.8",,"12.9","18.6","7.1"
"AR000087860","COMODORO RIVADAVIA, AR","1996-10","6.1","1.4","3","1","0","0","0","11","0","0.8","3.0","26.0","1768.9","149.2","6.0","13.6","19.3","7.8"
"AR000087860","COMODORO RIVADAVIA, AR","1996-11","33.4","27.3",,,"0","0","0","20","0","4.6",,"30.5","1827.6","58.7",,"17.3","23.7","10.9"
"AR000087860","COMODORO RIVADAVIA, AR","1996-12","47.3","13.9","2","1","0","0","0","23","0","5.0","6.1","31.7","1879.7","52.1","6.4","17.1","23.0","11.2"
"AR000087860","COMODORO RIVADAVIA, AR","1997-01","116.5","69.2",,,"0","0","0","31","2","8.5",,"34.8","6.3","6.3",,"20.4","27.1","13.7"
"AR000087860","COMODORO RIVADAVIA, AR","1997-02","148.5","32.0","4","2","0","0","0","18","1","5.7","16.0","32.4","66.3","60.0","22.4","17.3","23.3","11.4"
"AR000087860","COMODORO RIVADAVIA, AR","1997-03","176.1","27.6","5","3","0","0","0","16","1","5.0","41.9","39.2","150.5","84.2","68.5","16.5","22.3","10.8"
"AR000087860","COMODORO RIVADAVIA, AR","1997-04","179.8","3.7","3","1","0","0","0","9","0","1.4","6.1","25.8","288.5","138.0","9.1","13.9","18.7","9.0"
"AR000087860","COMODORO RIVADAVIA, AR","1997-05","179.8","0.0","11","4","0","6","0","2","0","-2.6","23.9","22.7","566.2","277.7","44.9","9.4","13.6","5.1"
"AR000087860","COMODORO RIVADAVIA, AR","1997-06","179.8","0.0","13","11","0","2","0","0","0","-1.7","36.1","16.7","903.2","337.0","172.3","7.1","10.1","4.1"
"AR000087860","COMODORO RIVADAVIA, AR","1997-07","0.0","0.0","11","6","0","10","0","0","0","-4.7","15.0","20.5","1252.2","349.0","40.1","7.1","11.0","3.1"
"AR000087860","COMODORO RIVADAVIA, AR","1997-08","0.0","0.0","5","3","0","6","0","2","0","-4.8","14.0","23.6","1557.2","305.0","27.1","8.5","13.6","3.4"
"AR000087860","COMODORO RIVADAVIA, AR","1997-09","0.0","0.0","10","6","0","0","0","0","0","0.1","10.9","19.6","1845.6","288.4","38.4","8.7","13.0","4.4"
"AR000087860","COMODORO RIVADAVIA, AR","1997-10","0.0","0.0","6","4","0","0","0","8","0","1.9","4.1","23.9","2024.5","178.9","15.6","12.6","17.6","7.6"
"AR000087860","COMODORO RIVADAVIA, AR","1997-11","0.9","0.9","4","3","0","0","0","14","0","4.7","6.1","28.0","2129.5","105.0","12.6","14.9","20.9","8.9"
"AR000087860","COMODORO RIVADAVIA, AR","1997-12","24.5","23.6","6","3","0","0","0","15","1","4.5","5.1","32.6","2219.7","90.2","13.7","16.2","21.9","10.5"
"AR000087860","COMODORO RIVADAVIA, AR","1998-01","98.4","73.9",,,"0","0","0","28","2","8.7",,"32.8","17.9","17.9",,"20.1","26.5","13.8"
"AR000087860","COMODORO RIVADAVIA, AR","1998-02","119.9","21.5","3","1","0","0","0","17","0","6.2","4.1","31.9","67.1","49.2","6.1","17.3","22.7","11.9"
"AR000087860","COMODORO RIVADAVIA, AR","1998-03","142.9","23.0","2","0","0","0","0","23","0","3.9","1.0","31.9","130.3","63.2","2.0","17.0","23.1","10.9"
"AR000087860","COMODORO RIVADAVIA, AR","1998-04","152.2","9.3","8","6","0","0","0","7","0","4.0","36.1","31.2","271.4","141.1","79.8","13.9","18.4","9.5"
"AR000087860","COMODORO RIVADAVIA, AR","1998-05","152.2","0.0","11","5","0","0","0","2","0","3.6","11.9","21.4","493.6","222.2","38.3","11.2","14.6","7.7"
"AR000087860","COMODORO RIVADAVIA, AR","1998-06","152.2","0.0","4","1","0","2","0","0","0","-0.7","8.9","16.7","789.8","296.2","12.9","8.5","12.2","4.7"
"AR000087860","COMODORO RIVADAVIA, AR","1998-07","0.0","0.0","0","0","0","3","0","0","0","-1.4","0.0","20.7","1015.5","225.7","0.0","11.1","15.2","6.9"
"AR000087860","COMODORO RIVADAVIA, AR","1998-08","0.0","0.0","4","1","0","1","0","0","0","-0.5","3.0","20.2","1260.8","245.3","7.0","10.4","14.9","5.9"
"AR000087860","COMODORO RIVADAVIA, AR","1998-09","0.0","0.0",,,"0","4","0","1","0","-1.5",,"21.1","1526.1","265.3",,"9.5","15.1","3.8"
"AR000087860","COMODORO RIVADAVIA, AR","1998-10","4.3","4.3","3","2","0","0","0","21","0","2.7","3.0","26.5","1610.2","84.1","6.5","15.8","21.8","9.8"
"AR000087860","COMODORO RIVADAVIA, AR","1998-11","47.7","43.4","3","2","0","0","0","20","2","5.0","9.9","34.3","1679.2","69.0","18.3","17.5","23.6","11.4"
"AR000087860","COMODORO RIVADAVIA, AR","1998-12","92.3","44.6",,,"0","0","0","28","0","7.9",,"31.1","1703.8","24.6",,"19.0","25.2","12.8"
"AR000087860","COMODORO RIVADAVIA, AR","1999-01","170.1","77.8",,,"0","0","0","27","3","7.8",,"35.0","23.7","23.7",,"20.1","26.6","13.6"
"AR000087860","COMODORO RIVADAVIA, AR","1999-02","216.3","46.2",,,"0","0","0","25","2","7.4",,"34.5","45.9","22.2",,"19.2","26.1","12.3"
"AR000087860","COMODORO RIVADAVIA, AR","1999-03","220.9","4.6",,,"0","0","0","14","0","3.6",,"29.0","139.7","93.8",,"15.4","20.9","10.0"
"AR000087860","COMODORO RIVADAVIA, AR","1999-04","222.9","2.0",,,"0","0","0","12","0","1.1",,"26.5","277.9","138.2",,"13.8","19.5","8.1"
"AR000087860","COMODORO RIVADAVIA, AR","1999-05","222.9","0.0",,,"0","0","0","3","0","0.4",,"22.5","541.2","263.3",,"9.8","14.6","5.1"
"AR000087860","COMODORO RIVADAVIA, AR","1999-06","222.9","0.0",,,"0","10","0","0","0","-3.4",,"17.1","900.3","359.1",,"6.4","10.7","2.0"
"AR000087860","COMODORO RIVADAVIA, AR","1999-07","0.0","0.0",,,"0","6","0","0","0","-2.6",,"19.2","1224.9","324.6",,"7.9","12.4","3.3"
"AR000087860","COMODORO RIVADAVIA, AR","1999-08","0.0","0.0",,,"0","4","0","1","0","-3.5",,"22.0","1492.8","267.9",,"9.7","14.7","4.6"
"AR000087860","COMODORO RIVADAVIA, AR","1999-09","0.0","0.0",,,"0","2","0","5","0","-2.9",,"25.4","1737.7","244.9",,"10.2","15.2","5.1"
"AR000087860","COMODORO RIVADAVIA, AR","1999-10","18.1","18.1",,,"0","0","0","16","0","0.9",,"28.3","1868.4","130.7",,"14.7","20.0","9.4"
"AR000087860","COMODORO RIVADAVIA, AR","1999-11","39.7","21.6","7","1","0","0","0","20","0","4.5","13.0","30.7","1928.9","60.5","19.7","17.0","22.9","11.1"
"AR000087860","COMODORO RIVADAVIA, AR","1999-12","91.7","52.0",,,"0","0","0","25","3","5.4",,"33.3","1962.7","33.8",,"18.9","25.4","12.4"
"AR000087860","COMODORO RIVADAVIA, AR","2000-01","157.8","66.1",,,"0","0","0","29","1","8.6",,"35.2","15.7","15.7",,"20.0","26.5","13.4"
"AR000087860","COMODORO RIVADAVIA, AR","2000-02","180.4","22.6",,,"0","0","0","23","0","6.4",,"30.5","57.5","41.8",,"17.7","23.7","11.6"
"AR000087860","COMODORO RIVADAVIA, AR","2000-03","195.6","15.2",,,"0","0","0","19","0","4.4",,"31.4","151.4","93.9",,"15.8","21.8","9.8"
"AR000087860","COMODORO RIVADAVIA, AR","2000-04","200.6","5.0",,,"0","0","0","10","0","1.9",,"27.8","279.7","128.3",,"14.2","19.8","8.6"
"AR000087860","COMODORO RIVADAVIA, AR","2000-05","200.6","0.0",,,"0","1","0","0","0","-1.1",,"20.6","540.8","261.1",,"9.9","14.6","5.3"
"AR000087860","COMODORO RIVADAVIA, AR","2000-06","200.6","0.0",,,"0","9","0","0","0","-3.8",,"18.2","898.9","358.1",,"6.4","10.7","2.1"
"AR000087860","COMODORO RIVADAVIA, AR","2000-07","0.0","0.0",,,"0","10","0","0","0","-5.5",,"19.6","1296.6","397.7",,"5.5","9.2","1.8"
"AR000087860","COMODORO RIVADAVIA, AR","2000-08","0.0","0.0",,,"0","7","0","0","0","-2.6",,"17.1","1643.1","346.5",,"7.2","12.1","2.2"
"AR000087860","COMODORO RIVADAVIA, AR","2000-09","0.0","0.0",,,"0","8","0","0","0","-5.1",,"20.3","1998.5","355.4",,"6.5","10.8","2.2"
"AR000087860","COMODORO RIVADAVIA, AR","2000-10","0.0","0.0",,,"0","0","0","7","0","0.6",,"26.5","2184.5","186.0",,"12.3","18.0","6.6"
"AR000087860","COMODORO RIVADAVIA, AR","2000-11","8.2","8.2",,,"0","0","0","10","0","1.6",,"28.7","2320.1","135.6",,"14.1","19.9","8.3"
"AR000087860","COMODORO RIVADAVIA, AR","2000-12","37.6","29.4",,,"0","0","0","27","1","4.2",,"33.7","2371.1","51.0",,"17.6","23.9","11.3"
"AR000087860","COMODORO RIVADAVIA, AR","2001-01","103.8","66.2",,,"0","0","0","28","0","8.3",,"32.0","17.2","17.2",,"20.0","25.8","14.1"
"AR000087860","COMODORO RIVADAVIA, AR","2001-02","163.6","59.8",,,"0","0","0","24","1","8.7",,"33.5","34.4","17.2",,"19.9","26.4","13.3"
"AR000087860","COMODORO RIVADAVIA, AR","2001-03","173.2","9.6",,,"0","0","0","17","0","3.8",,"28.4","126.3","91.9",,"15.7","21.5","9.9"
"AR000087860","COMODORO RIVADAVIA, AR","2001-04","180.0","6.8",,,"0","0","0","11","0","0.2",,"29.9","286.3","160.0",,"13.2","18.9","7.6"
"AR000087860","COMODORO RIVADAVIA, AR","2001-05","180.0","0.0",,,"0","2","0","1","0","-1.2",,"21.6","560.7","274.4",,"9.5","14.2","4.7"
"AR000087860","COMODORO RIVADAVIA, AR","2001-06","180.0","0.0",,,"0","3","0","0","0","-1.1",,"18.3","879.2","318.5",,"7.7","11.8","3.6"
"AR000087860","COMODORO RIVADAVIA, AR","2001-07","0.0","0.0",,,"0","17","2","0","0","-7.5",,"18.3","1346.8","467.6",,"3.3","7.1","-0.6"
"AR000087860","COMODORO RIVADAVIA, AR","2001-08","0.0","0.0",,,"0","2","0","0","0","-3.6",,"19.2","1654.9","308.1",,"8.0","12.4","3.7"
"AR000087860","COMODORO RIVADAVIA, AR","2001-09","0.0","0.0",,,"0","0","0","0","0","1.7",,"19.6","1920.3","265.4",,"9.5","14.3","4.7"
"AR000087860","COMODORO RIVADAVIA, AR","2001-10","4.4","4.4",,,"0","0","0","11","0","1.4",,"31.0","2082.8","162.5",,"13.2","19.3","7.2"
"AR000087860","COMODORO RIVADAVIA, AR","2001-11","22.1","17.7",,,"0","0","0","20","0","4.3",,"31.4","2154.6","71.8",,"16.5","22.9","10.1"
"AR000087860","COMODORO RIVADAVIA, AR","2001-12","80.5","58.4",,,"0","0","0","29","2","2.6",,"34.4","2175.9","21.3",,"19.5","26.6","12.4"
"AR000087860","COMODORO RIVADAVIA, AR","2002-01","143.7","63.2",,,"0","0","0","25","1","6.4",,"32.9","19.0","19.0",,"19.8","26.1","13.4"
"AR000087860","COMODORO RIVADAVIA, AR","2002-02","199.3","55.6",,,"0","0","0","25","3","6.6",,"37.5","47.0","28.0",,"19.3","26.3","12.4"
"AR000087860","COMODORO RIVADAVIA, AR","2002-03","200.9","1.6",,,"0","0","0","13","0","1.6",,"26.5","181.3","134.3",,"14.1","19.4","8.7"
"AR000087860","COMODORO RIVADAVIA, AR","2002-04","209.2","8.3",,,"0","0","0","7","0","2.2",,"27.5","331.2","149.9",,"13.5","18.4","8.6"
"AR000087860","COMODORO RIVADAVIA, AR","2002-05","209.2","0.0",,,"0","4","0","0","0","-4.0",,"20.6","673.2","342.0",,"7.3","11.5","3.1"
"AR000087860","COMODORO RIVADAVIA, AR","2002-06","209.2","0.0",,,"0","18","0","0","0","-6.7",,"14.4","1103.7","430.5",,"4.0","8.0","-0.1"
"AR000087860","COMODORO RIVADAVIA, AR","2002-07","0.0","0.0",,,"0","6","0","0","0","-4.1",,"17.6","1451.0","347.3",,"7.1","11.7","2.6"
"AR000087860","COMODORO RIVADAVIA, AR","2002-08","0.0","0.0",,,"0","4","0","0","0","-3.1",,"18.0","1808.5","357.5",,"6.8","10.4","3.2"
"AR000087860","COMODORO RIVADAVIA, AR","2002-09","0.0","0.0","7","4","0","1","0","0","0","-1.2","15.0","21.0","2061.8","253.3","28.4","9.6","13.9","5.2"
"AR000087860","COMODORO RIVADAVIA, AR","2002-10","0.0","0.0","3","0","0","0","0","7","0","1.1","2.0","24.8","2223.4","161.6","3.5","13.1","18.8","7.4"
"AR000087860","COMODORO RIVADAVIA, AR","2002-11","2.2","2.2","6","3","0","0","0","10","0","3.9","10.9","30.0","2353.9","130.5","21.1","14.1","20.3","7.8"
"AR000087860","COMODORO RIVADAVIA, AR","2002-12","46.7","44.5","2","0","0","0","0","28","1","5.8","0.5","34.6","2386.5","32.6","1.0","18.7","25.0","12.4"
"AR000087860","COMODORO RIVADAVIA, AR","2003-01","89.3","42.6","3","2","0","0","0","25","0","5.6","14.0","30.4","33.0","33.0","22.1","18.6","24.6","12.7"
"AR000087860","COMODORO RIVADAVIA, AR","2003-02","146.4","57.1",,,"0","0","0","24","0","4.5",,"32.0","63.9","30.9",,"19.3","25.4","13.1"
"AR000087860","COMODORO RIVADAVIA, AR","2003-03","191.1","44.7","7","5","0","0","0","17","1","4.2","69.1","35.5","145.7","81.8","130.8","17.1","22.7","11.6"
"AR000087860","COMODORO RIVADAVIA, AR","2003-04","191.5","0.4","2","2","0","0","0","5","0","0.3","4.1","27.8","330.6","184.9","7.1","12.2","17.6","6.8"
"AR000087860","COMODORO RIVADAVIA, AR","2003-05","192.6","1.1","6","5","0","1","0","1","0","-0.5","54.1","22.6","552.7","222.1","87.8","11.2","15.4","7.0"
"AR000087860","COMODORO RIVADAVIA, AR","2003-06","192.6","0.0",,,"0","4","0","0","0","-1.5",,"17.0","878.2","325.5",,"7.5","11.1","3.9"
"AR000087860","COMODORO RIVADAVIA, AR","2003-07","0.0","0.0","3","1","0","2","0","0","0","-2.5","3.0","20.3","1184.0","305.8","5.5","8.5","13.2","3.8"
"AR000087860","COMODORO RIVADAVIA, AR","2003-08","0.0","0.0","6","2","0","2","0","1","0","-0.6","10.9","22.1","1464.2","280.2","21.4","9.3","14.0","4.6"
"AR000087860","COMODORO RIVADAVIA, AR","2003-09","0.0","0.0","3","1","0","3","0","0","0","-1.4","4.1","20.7","1684.0","219.8","5.6","11.0","16.2","5.8"
"AR000087860","COMODORO RIVADAVIA, AR","2003-10","7.0","7.0","6","5","0","1","0","8","0","-0.1","29.0","28.8","1853.1","169.1","44.1","13.1","18.8","7.5"
"AR000087860","COMODORO RIVADAVIA, AR","2003-11","15.4","8.4","2","1","0","0","0","14","0","3.1","3.0","29.6","1953.2","100.1","5.0","15.3","21.3","9.3"
"AR000087860","COMODORO RIVADAVIA, AR","2003-12","31.6","16.2","4","2","0","0","0","23","0","6.2","4.1","30.5","2013.7","60.5","9.3","16.9","22.7","11.1"
"AR000087860","COMODORO RIVADAVIA, AR","2004-01","137.4","105.8","0","0","0","0","0","30","6","8.6","0.0","35.4","5.6","5.6","0.0","21.6","28.4","14.7"
"AR000087860","COMODORO RIVADAVIA, AR","2004-02","189.8","52.4","2","2","0","0","0","25","2","8.5","9.9","34.6","25.0","19.4","14.0","19.5","25.3","13.7"
"AR000087860","COMODORO RIVADAVIA, AR","2004-03","226.7","36.9","2","0","0","0","0","27","0","6.0","2.0","31.0","47.0","22.0","2.8","18.8","25.0","12.6"
"AR000087860","COMODORO RIVADAVIA, AR","2004-04","227.8","1.1","2","1","0","0","0","8","0","3.2","9.9","26.3","183.9","136.9","10.4","13.8","18.7","8.9"
"AR000087860","COMODORO RIVADAVIA, AR","2004-05","227.8","0.0","4","2","0","0","0","2","0","0.4","10.9","21.9","460.5","276.6","18.5","9.4","14.1","4.7"
"AR000087860","COMODORO RIVADAVIA, AR","2004-06",,,,,"0","1",,,,"-2.0",,,,,,,,"5.3"
"AR000087860","COMODORO RIVADAVIA, AR","2004-07",,,"7","2","0","7",,,,"-4.0","24.9",,,,"43.0",,,"1.5"
"AR000087860","COMODORO RIVADAVIA, AR","2004-08",,,"4","1","0","2",,,,"-2.7","4.1",,,,"5.9",,,"2.9"
"AR000087860","COMODORO RIVADAVIA, AR","2004-09",,,"4","2","0","0",,,,"0.1","13.0",,,,"20.9",,,"5.3"
"AR000087860","COMODORO RIVADAVIA, AR","2004-10",,,"6","0","0","0",,,,"2.5","0.8",,,,"2.9",,,"7.9"
"AR000087860","COMODORO RIVADAVIA, AR","2004-11",,,"4","3","0","0",,,,"3.6","7.1",,,,"16.2",,,"9.6"
"AR000087860","COMODORO RIVADAVIA, AR","2004-12",,,"2","1","0","0",,,,"4.5","8.9",,,,"9.2",,,"12.9"
"AR000087860","COMODORO RIVADAVIA, AR","2005-01",,,"4","2","0","0",,,,"6.2","7.9",,,,"11.5",,,"12.8"
"AR000087860","COMODORO RIVADAVIA, AR","2005-02",,,"1","0","0","0",,,,"9.0","2.0",,,,"2.0",,,"13.9"
"AR000087860","COMODORO RIVADAVIA, AR","2005-03",,,"1","1","0","0",,,,"4.7","3.0",,,,"3.0",,,"11.1"
"AR000087860","COMODORO RIVADAVIA, AR","2005-04",,,"3","1","0","0",,,,"0.5","21.1",,,,"21.9",,,"7.7"
"AR000087860","COMODORO RIVADAVIA, AR","2005-05",,,"7","2","0","0",,,,"0.7","9.9",,,,"21.7",,,"4.4"
"AR000087860","COMODORO RIVADAVIA, AR","2005-06",,,"9","6","0","6",,,,"-3.0","45.0",,,,"120.5",,,"2.7"
"AR000087860","COMODORO RIVADAVIA, AR","2005-07",,,,,"0","4",,,,"-2.5",,,,,,,,"2.8"
"AR000087860","COMODORO RIVADAVIA, AR","2005-08",,,,,"0","4",,,,"-0.2",,,,,,,,"2.8"
"AR000087860","COMODORO RIVADAVIA, AR","2005-09",,,,,"0","0",,,,"0.3",,,,,,,,"5.8"
"AR000087860","COMODORO RIVADAVIA, AR","2006-03",,,,,"0","0",,,,"3.5",,,,,,,,"11.1"
"AR000087860","COMODORO RIVADAVIA, AR","2006-05",,,,,"0","3",,,,"-3.0",,,,,,,,"4.3"
"AR000087860","COMODORO RIVADAVIA, AR","2006-06",,,,,"0","5",,,,"-5.0",,,,,,,,"2.8"
"AR000087860","COMODORO RIVADAVIA, AR","2006-07",,,,,"0","5",,,,"-3.3",,,,,,,,"3.4"
"AR000087860","COMODORO RIVADAVIA, AR","2006-08",,,,,"0","7",,,,"-3.6",,,,,,,,"2.5"
"AR000087860","COMODORO RIVADAVIA, AR","2006-09",,,,,"0","1",,,,"-1.6",,,,,,,,"5.8"
"AR000087860","COMODORO RIVADAVIA, AR","2006-10",,,,,"0","0",,,,"0.4",,,,,,,,"7.3"
"AR000087860","COMODORO RIVADAVIA, AR","2006-11",,,,,"0","0",,,,"3.7",,,,,,,,"8.7"
"AR000087860","COMODORO RIVADAVIA, AR","2006-12",,,,,"0","0",,,,"9.5",,,,,,,,"12.5"
"AR000087860","COMODORO RIVADAVIA, AR","2007-01",,,,,"0","0",,,,"8.4",,,,,,,,"12.6"
"AR000087860","COMODORO RIVADAVIA, AR","2007-02",,,,,"0","0",,,,"5.6",,,,,,,,"12.4"
"AR000087860","COMODORO RIVADAVIA, AR","2007-03",,,,,"0","0",,,,"5.5",,,,,,,,"11.1"
"AR000087860","COMODORO RIVADAVIA, AR","2007-04",,,,,"0","0",,,,"1.4",,,,,,,,"8.7"
"AR000087860","COMODORO RIVADAVIA, AR","2007-05",,,,,"0","4",,,,"-3.7",,,,,,,,"4.1"
"AR000087860","COMODORO RIVADAVIA, AR","2007-06",,,,,"0","5",,,,"-3.8",,,,,,,,"3.4"
"AR000087860","COMODORO RIVADAVIA, AR","2007-07",,,,,"0","8",,,,"-3.7",,,,,,,,"0.8"
"AR000087860","COMODORO RIVADAVIA, AR","2007-08",,,,,"0","9",,,,"-2.4",,,,,,,,"2.5"
"AR000087860","COMODORO RIVADAVIA, AR","2007-09",,,,,"0","2",,,,"-2.0",,,,,,,,"5.1"
"AR000087860","COMODORO RIVADAVIA, AR","2007-10",,,,,"0","0",,,,"0.2",,,,,,,,"7.9"
"AR000087860","COMODORO RIVADAVIA, AR","2007-12",,,,,"0","0",,,,"5.6",,,,,,,,"12.0"
"AR000087860","COMODORO RIVADAVIA, AR","2008-02",,,,,"0","0",,,,"8.9",,,,,,,,"14.6"
"AR000087860","COMODORO RIVADAVIA, AR","2008-03",,,,,"0","0",,,,"5.3",,,,,,,,"11.1"
"AR000087860","COMODORO RIVADAVIA, AR","2008-04",,,,,"0","0",,,,"2.1",,,,,,,,"7.6"
"AR000087860","COMODORO RIVADAVIA, AR","2008-05",,,,,"0","9",,,,"-3.6",,,,,,,,"3.3"
"AR000087860","COMODORO RIVADAVIA, AR","2008-06",,,,,"0","7",,,,"-3.5",,,,,,,,"3.0"
"AR000087860","COMODORO RIVADAVIA, AR","2008-07",,,,,"0","7",,,,"-4.0",,,,,,,,"2.5"
"AR000087860","COMODORO RIVADAVIA, AR","2008-08",,,,,"0","12",,,,"-4.5",,,,,,,,"1.4"
"AR000087860","COMODORO RIVADAVIA, AR","2008-09",,,,,"0","3",,,,"-2.2",,,,,,,,"3.9"
"AR000087860","COMODORO RIVADAVIA, AR","2008-10",,,,,"0","1",,,,"-0.5",,,,,,,,"7.4"
"AR000087860","COMODORO RIVADAVIA, AR","2008-12",,,,,"0","0",,,,"0.6",,,,,,,,"12.7"
"AR000087860","COMODORO RIVADAVIA, AR","2009-01",,,,,"0","0",,,,"8.2",,,,,,,,"13.4"
"AR000087860","COMODORO RIVADAVIA, AR","2009-03",,,,,"0","0",,,,"4.5",,,,,,,,"11.9"
"AR000087860","COMODORO RIVADAVIA, AR","2009-04",,,,,"0","0",,,,"2.5",,,,,,,,"8.1"
"AR000087860","COMODORO RIVADAVIA, AR","2009-06",,,,,"0","6",,,,"-5.5",,,,,,,,"3.2"
"AR000087860","COMODORO RIVADAVIA, AR","2009-07",,,,,"0","5",,,,"-4.0",,,,,,,,"2.5"
"AR000087860","COMODORO RIVADAVIA, AR","2009-08",,,,,"0","4",,,,"-3.6",,,,,,,,"3.9"
"AR000087860","COMODORO RIVADAVIA, AR","2009-10",,,,,"0","0",,,,"1.6",,,,,,,,"6.1"
"AR000087860","COMODORO RIVADAVIA, AR","2009-11",,,,,"0","0",,,,"1.8",,,,,,,,"7.6"
"AR000087860","COMODORO RIVADAVIA, AR","2009-12",,,,,"0","0",,,,"5.0",,,,,,,,"10.1"
"AR000087860","COMODORO RIVADAVIA, AR","2010-02",,,,,"0","0",,,,"2.6",,,,,,,,"10.1"
"AR000087860","COMODORO RIVADAVIA, AR","2010-04",,,,,"0","1",,,,"-1.1",,,,,,,,"7.5"
"AR000087860","COMODORO RIVADAVIA, AR","2010-05",,,,,"0","2",,,,"-1.9",,,,,,,,"5.2"
"AR000087860","COMODORO RIVADAVIA, AR","2010-07",,,,,"0","3",,,,"-4.1",,,,,,,,"2.6"
"AR000087860","COMODORO RIVADAVIA, AR","2010-08",,,,,"0","5",,,,"-4.4",,,,,,,,"3.3"
"AR000087860","COMODORO RIVADAVIA, AR","2010-09",,,,,"0","2",,,,"-3.3",,,,,,,,"5.7"
"AR000087860","COMODORO RIVADAVIA, AR","2010-10",,,,,"0","0",,,,"1.4",,,,,,,,"8.4"
"AR000087860","COMODORO RIVADAVIA, AR","2010-11",,,,,"0","0",,,,"2.1",,,,,,,,"9.1"
"AR000087860","COMODORO RIVADAVIA, AR","2011-02",,,,,"0","0",,,,"8.5",,,,,,,,"13.0"
"AR000087860","COMODORO RIVADAVIA, AR","2011-03",,,,,"0","0",,,,"4.5",,,,,,,,"10.8"
"AR000087860","COMODORO RIVADAVIA, AR","2011-08",,,,,"0","6",,,,"-2.6",,,,,,,,"2.3"
"AR000087860","COMODORO RIVADAVIA, AR","2011-09",,,,,"0","0",,,,"0.4",,,,,,,,"5.0"
"AR000087860","COMODORO RIVADAVIA, AR","2011-10",,,,,"0","0",,,,"2.6",,,,,,,,"6.0"
"AR000087860","COMODORO RIVADAVIA, AR","2011-11",,,,,"0","0",,,,"6.1",,,,,,,,"10.5"
"AR000087860","COMODORO RIVADAVIA, AR","2011-12",,,,,"0","0",,,,"6.2",,,,,,,,"12.5"
"AR000087860","COMODORO RIVADAVIA, AR","2012-02",,,,,"0","0",,,,"7.9",,,,,,,,"12.0"
"AR000087860","COMODORO RIVADAVIA, AR","2012-03",,,,,"0","0",,,,"5.2",,,,,,,,"10.7"
"AR000087860","COMODORO RIVADAVIA, AR","2012-04",,,,,"0","0",,,,"0.3",,,,,,,,"6.1"
"AR000087860","COMODORO RIVADAVIA, AR","2012-05",,,,,"0","2",,,,"-4.0",,,,,,,,"5.0"
"AR000087860","COMODORO RIVADAVIA, AR","2012-07",,,,,"0","9",,,,"-2.5",,,,,,,,"1.4"
"AR000087860","COMODORO RIVADAVIA, AR","2012-08",,,,,"0","4",,,,"-1.9",,,,,,,,"4.1"
"AR000087860","COMODORO RIVADAVIA, AR","2012-09",,,,,"0","2",,,,"-1.5",,,,,,,,"5.2"
"AR000087860","COMODORO RIVADAVIA, AR","2012-10",,,,,"0","0",,,,"1.0",,,,,,,,"6.9"
"AR000087860","COMODORO RIVADAVIA, AR","2012-11",,,,,"0","0",,,,"2.1",,,,,,,,"10.6"
"AR000087860","COMODORO RIVADAVIA, AR","2012-12",,,,,"0","0",,,,"1.2",,,,,,,,"10.6"
"AR000087860","COMODORO RIVADAVIA, AR","2013-02",,,,,"0","0",,,,"7.0",,,,,,,,"12.1"
"AR000087860","COMODORO RIVADAVIA, AR","2013-03",,,,,"0","0",,,,"3.7",,,,,,,,"9.2"
"AR000087860","COMODORO RIVADAVIA, AR","2013-04",,,,,"0","0",,,,"3.2",,,,,,,,"10.1"
"AR000087860","COMODORO RIVADAVIA, AR","2013-05",,,,,"0","0",,,,"0.2",,,,,,,,"5.6"
"AR000087860","COMODORO RIVADAVIA, AR","2013-06",,,,,"0","3",,,,"-1.5",,,,,,,,"4.6"
"AR000087860","COMODORO RIVADAVIA, AR","2013-07",,,,,"0","7",,,,"-3.7",,,,,,,,"2.1"
"AR000087860","COMODORO RIVADAVIA, AR","2013-08",,,,,"0","7",,,,"-5.0",,,,,,,,"2.2"
"AR000087860","COMODORO RIVADAVIA, AR","2013-09",,,,,"0","3",,,,"-0.5",,,,,,,,"3.4"
"AR000087860","COMODORO RIVADAVIA, AR","2013-10",,,,,"0","0",,,,"0.1",,,,,,,,"7.1"
"AR000087860","COMODORO RIVADAVIA, AR","2013-11",,,,,"0","0",,,,"4.3",,,,,,,,"9.5"
"AR000087860","COMODORO RIVADAVIA, AR","2013-12",,,,,"0","0",,,,"6.1",,,,,,,,"12.6"
"AR000087860","COMODORO RIVADAVIA, AR","2014-01",,,,,"0","0",,,,"6.4",,,,,,,,"13.0"
"AR000087860","COMODORO RIVADAVIA, AR","2014-02",,,,,"0","0",,,,"5.4",,,,,,,,"12.5"
"AR000087860","COMODORO RIVADAVIA, AR","2014-03",,,,,"0","0",,,,"3.6",,,,,,,,"9.9"
"AR000087860","COMODORO RIVADAVIA, AR","2014-04",,,,,"0","0",,,,"2.4",,,,,,,,"6.6"
"AR000087860","COMODORO RIVADAVIA, AR","2014-07",,,,,"0","11",,,,"-5.5",,,,,,,,"2.1"
"AR000087860","COMODORO RIVADAVIA, AR","2014-08",,,,,"0","3",,,,"-2.5",,,,,,,,"5.1"
"AR000087860","COMODORO RIVADAVIA, AR","2014-09",,,,,"0","0",,,,"0.3",,,,,,,,"5.0"
"AR000087860","COMODORO RIVADAVIA, AR","2014-10",,,,,"0","1",,,,"-1.2",,,,,,,,"7.5"
"AR000087860","COMODORO RIVADAVIA, AR","2014-12",,,,,"0","0",,,,"6.4",,,,,,,,"12.5"
"AR000087860","COMODORO RIVADAVIA, AR","2015-02",,,,,"0","0",,,,"6.5",,,,,,,,"12.8"
"AR000087860","COMODORO RIVADAVIA, AR","2015-03",,,,,"0","0",,,,"5.0",,,,,,,,"11.6"
"AR000087860","COMODORO RIVADAVIA, AR","2015-04",,,,,"0","0",,,,"2.7",,,,,,,,"7.6"
"AR000087860","COMODORO RIVADAVIA, AR","2015-05",,,,,"0","2",,,,"-1.5",,,,,,,,"6.6"
"AR000087860","COMODORO RIVADAVIA, AR","2015-06",,,,,"0","4",,,,"-1.5",,,,,,,,"3.0"
"AR000087860","COMODORO RIVADAVIA, AR","2015-07",,,,,"0","5",,,,"-2.4",,,,,,,,"2.9"
"AR000087860","COMODORO RIVADAVIA, AR","2015-09",,,,,"0","5",,,,"-2.0",,,,,,,,"4.0"
"AR000087860","COMODORO RIVADAVIA, AR","2015-10",,,,,"0","0",,,,"0.3",,,,,,,,"5.9"
"AR000087860","COMODORO RIVADAVIA, AR","2015-12",,,,,"0","0",,,,"5.4",,,,,,,,"12.3"
"AR000087860","COMODORO RIVADAVIA, AR","2016-01",,,,,"0","0",,,,"7.2",,,,,,,,"13.1"
"AR000087860","COMODORO RIVADAVIA, AR","2016-03",,,,,"0","0",,,,"4.9",,,,,,,,"11.0"
"AR000087860","COMODORO RIVADAVIA, AR","2016-05",,,,,"0","3",,,,"-0.8",,,,,,,,"3.4"
"AR000087860","COMODORO RIVADAVIA, AR","2016-07",,,,,"0","6",,,,"-2.2",,,,,,,,"3.3"
"AR000087860","COMODORO RIVADAVIA, AR","2016-08",,,,,"0","3",,,,"-1.0",,,,,,,,"4.1"
"AR000087860","COMODORO RIVADAVIA, AR","2016-09",,,,,"0","2",,,,"-2.0",,,,,,,,"4.6"
"AR000087860","COMODORO RIVADAVIA, AR","2016-10",,,,,"0","0",,,,"1.1",,,,,,,,"8.1"
"AR000087860","COMODORO RIVADAVIA, AR","2016-11",,,,,"0","0",,,,"2.4",,,,,,,,"10.5"
"AR000087860","COMODORO RIVADAVIA, AR","2017-01",,,,,"0","0",,,,"4.8",,,,,,,,"13.4"
"AR000087860","COMODORO RIVADAVIA, AR","2017-02",,,,,"0","0",,,,"7.7",,,,,,,,"13.1"
"AR000087860","COMODORO RIVADAVIA, AR","2017-03",,,,,"0","0",,,,"5.8",,,,,,,,"10.6"
"AR000087860","COMODORO RIVADAVIA, AR","2017-04",,,,,"0","0",,,,"3.9",,,,,,,,"8.7"
"AR000087860","COMODORO RIVADAVIA, AR","2017-05",,,,,"0","0",,,,"1.0",,,,,,,,"5.5"
"AR000087860","COMODORO RIVADAVIA, AR","2017-07",,,,,"0","4",,,,"-2.2",,,,,,,,"4.1"
"AR000087860","COMODORO RIVADAVIA, AR","2017-08",,,,,"0","1",,,,"-0.6",,,,,,,,"4.0"
"AR000087860","COMODORO RIVADAVIA, AR","2017-09",,,,,"0","0",,,,"0.6",,,,,,,,"5.8"
"AR000087860","COMODORO RIVADAVIA, AR","2017-10",,,,,"0","0",,,,"2.0",,,,,,,,"8.0"
"AR000087860","COMODORO RIVADAVIA, AR","2017-11",,,,,"0","0",,,,"3.1",,,,,,,,"9.1"
"AR000087860","COMODORO RIVADAVIA, AR","2017-12",,,,,"0","0",,,,"2.8",,,,,,,,"11.7"
"AR000087860","COMODORO RIVADAVIA, AR","2018-01",,,,,"0","0",,,,"8.5",,,,,,,,"14.1"
"AR000087860","COMODORO RIVADAVIA, AR","2018-02",,,,,"0","0",,,,"4.8",,,,,,,,"14.3"
"AR000087860","COMODORO RIVADAVIA, AR","2018-03",,,,,"0","0",,,,"3.4",,,,,,,,"10.5"
"AR000087860","COMODORO RIVADAVIA, AR","2018-04",,,,,"0","0",,,,"0.1",,,,,,,,"7.4"
"AR000087860","COMODORO RIVADAVIA, AR","2018-05",,,,,"0","0",,,,"1.3",,,,,,,,"6.0"
"AR000087860","COMODORO RIVADAVIA, AR","2018-06",,,,,"0","10",,,,"-3.8",,,,,,,,"2.1"
"AR000087860","COMODORO RIVADAVIA, AR","2018-07",,,,,"0","10",,,,"-4.6",,,,,,,,"1.6"
"AR000087860","COMODORO RIVADAVIA, AR","2018-08",,,,,"0","2",,,,"-1.2",,,,,,,,"4.6"
"AR000087860","COMODORO RIVADAVIA, AR","2018-09",,,,,"0","0",,,,"0.5",,,,,,,,"4.9"
"AR000087860","COMODORO RIVADAVIA, AR","2018-10",,,,,"0","1",,,,"0.0",,,,,,,,"6.3"
"AR000087860","COMODORO RIVADAVIA, AR","2018-11",,,,,"0","0",,,,"1.0",,,,,,,,"9.6"
"AR000087860","COMODORO RIVADAVIA, AR","2018-12",,,,,"0","0",,,,"5.5",,,,,,,,"14.1"
"AR000087860","COMODORO RIVADAVIA, AR","2019-01",,,,,"0","0",,,,"5.0",,,,,,,,"12.1"
"AR000087860","COMODORO RIVADAVIA, AR","2019-02",,,,,"0","0",,,,"5.9",,,,,,,,"12.1"
"AR000087860","COMODORO RIVADAVIA, AR","2019-03",,,,,"0","0",,,,"5.9",,,,,,,,"10.7"
"AR000087860","COMODORO RIVADAVIA, AR","2019-04",,,,,"0","0",,,,"2.4",,,,,,,,"9.3"
"AR000087860","COMODORO RIVADAVIA, AR","2019-05",,,,,"0","2",,,,"-3.3",,,,,,,,"4.8"
"AR000087860","COMODORO RIVADAVIA, AR","2019-06",,,,,"0","3",,,,"-2.2",,,,,,,,"4.6"
"AR000087860","COMODORO RIVADAVIA, AR","2019-07",,,,,"0","2",,,,"-3.1",,,,,,,,"3.3"
"AR000087860","COMODORO RIVADAVIA, AR","2019-08",,,,,"0","8",,,,"-2.9",,,,,,,,"3.1"
"AR000087860","COMODORO RIVADAVIA, AR","2019-09",,,,,"0","4",,,,"-3.3",,,,,,,,"4.4"
"AR000087860","COMODORO RIVADAVIA, AR","2019-10",,,,,"0","2",,,,"-0.8",,,,,,,,"6.2"
"AR000087860","COMODORO RIVADAVIA, AR","2019-11",,,,,"0","0",,,,"6.0",,,,,,,,"9.9"
"AR000087860","COMODORO RIVADAVIA, AR","2019-12",,,,,"0","0",,,,"3.9",,,,,,,,"12.4"
"AR000087860","COMODORO RIVADAVIA, AR","2020-01",,,,,"0","0",,,,"6.6",,,,,,,,"13.6"
"AR000087860","COMODORO RIVADAVIA, AR","2020-02",,,,,"0","0",,,,"7.1",,,,,,,,"12.4"
"AR000087860","COMODORO RIVADAVIA, AR","2020-03",,,,,"0","0",,,,"7.9",,,,,,,,"12.7"
"AR000087860","COMODORO RIVADAVIA, AR","2020-04",,,,,"0","0",,,,"3.0",,,,,,,,"9.2"
"AR000087860","COMODORO RIVADAVIA, AR","2020-05",,,,,"0","0",,,,"0.1",,,,,,,,"6.0"
"AR000087860","COMODORO RIVADAVIA, AR","2020-06",,,,,"0","5",,,,"-3.5",,,,,,,,"3.2"
"AR000087860","COMODORO RIVADAVIA, AR","2020-07",,,,,"0","11",,,,"-5.1",,,,,,,,"0.6"
"AR000087860","COMODORO RIVADAVIA, AR","2020-09",,,,,"0","0",,,,"0.1",,,,,,,,"5.4"
"AR000087860","COMODORO RIVADAVIA, AR","2020-10",,,,,"0","2",,,,"-1.5",,,,,,,,"7.7"
"AR000087860","COMODORO RIVADAVIA, AR","2020-11",,,,,"0","0",,,,"5.3",,,,,,,,"11.0"
"AR000087860","COMODORO RIVADAVIA, AR","2020-12",,,,,"0","0",,,,"7.3",,,,,,,,"12.3"
"AR000087860","COMODORO RIVADAVIA, AR","2021-01",,,,,"0","0",,,,"7.6",,,,,,,,"13.3"
"AR000087860","COMODORO RIVADAVIA, AR","2021-04",,,,,"0","0",,,,"4.6",,,,,,,,"10.0"
"AR000087860","COMODORO RIVADAVIA, AR","2021-05",,,,,"0","2",,,,"-0.9",,,,,,,,"4.4"
"AR000087860","COMODORO RIVADAVIA, AR","2021-06",,,,,"0","8",,,,"-3.6",,,,,,,,"1.8"
"AR000087860","COMODORO RIVADAVIA, AR","2021-07",,,,,"0","0",,,,"0.2",,,,,,,,"4.8"
"AR000087860","COMODORO RIVADAVIA, AR","2024-09",,,,,"0","0",,,,"1.7",,,,,,,,"6.4"
